case_uid,anotator,poradi,adjudikovano
exp3011,A12,1,1
exp3010,A12,2,1
exp3009,A12,3,1
exp3008,A12,4,0
exp3007,A12,5,1
exp3006,A12,6,0
exp3005,A12,7,0
exp3004,A12,8,0
exp3003,A12,9,0
exp3002,A12,10,0
exp3001,A12,11,0
exp3000,A12,12,0
exp2999,A12,13,0
exp2998,A12,14,0
exp2997,A12,15,1
exp2996,A12,16,0
exp2995,A12,17,0
exp2994,A12,18,0
exp2993,A12,19,0
exp2992,A12,20,0
exp2991,A12,21,0
exp2990,A12,22,1
exp2989,A12,23,0
exp2988,A12,24,0
exp2987,A12,25,0
exp2986,A12,26,0
exp2985,A12,27,0
exp2984,A12,28,0
exp2983,A12,29,1
exp2982,A12,30,0
exp2981,A12,31,1
exp2980,A12,32,1
exp2979,A12,33,0
exp2978,A12,34,1
exp2977,A12,35,0
exp2976,A12,36,0
exp2975,A12,37,0
exp2974,A12,38,1
exp2973,A12,39,1
exp2972,A12,40,1
exp2971,A12,41,0
exp2970,A12,42,1
exp2969,A12,43,0
exp2968,A12,44,1
exp2967,A12,45,1
exp2966,A12,46,0
exp2965,A12,47,0
exp2964,A12,48,1
exp2963,A12,49,0
exp2962,A12,50,0
exp2961,A12,51,0
exp2960,A12,52,0
exp2959,A12,53,0
exp2958,A12,54,1
exp2957,A12,55,0
exp2956,A12,56,0
exp2955,A12,57,0
exp2954,A12,58,0
exp2953,A12,59,1
exp2952,A12,60,0
exp2951,A12,61,0
exp2950,A12,62,0
exp2949,A12,63,0
exp2948,A12,64,0
exp2947,A12,65,1
exp2946,A12,66,0
exp2945,A12,67,0
exp2944,A12,68,0
exp2943,A12,69,1
exp2942,A12,70,0
exp2941,A12,71,0
exp2940,A12,72,0
exp2939,A12,73,1
exp2938,A12,74,0
exp2937,A12,75,0
exp2936,A12,76,0
exp2935,A12,77,0
exp2934,A12,78,0
exp2933,A12,79,0
exp2932,A12,80,1
exp2931,A12,81,0
exp2930,A12,82,1
exp2929,A12,83,0
exp2928,A12,84,1
exp2927,A12,85,0
exp2926,A12,86,0
exp2925,A12,87,0
exp2924,A12,88,0
exp2923,A12,89,0
exp2922,A12,90,0
exp2921,A12,91,0
exp2920,A12,92,0
exp2919,A12,93,0
exp2918,A12,94,1
exp2917,A12,95,1
exp2916,A12,96,1
exp2915,A12,97,1
exp2914,A12,98,0
exp2913,A12,99,1
exp2912,A12,100,1
exp2911,A12,101,0
exp2910,A12,102,0
exp2909,A12,103,0
exp2908,A12,104,0
exp2907,A12,105,0
exp2906,A12,106,0
exp2905,A12,107,1
exp2904,A12,108,0
exp2903,A12,109,0
exp2902,A12,110,0
exp2901,A12,111,0
exp2900,A12,112,0
exp2899,A12,113,0
exp2898,A12,114,0
exp2897,A12,115,1
exp2896,A12,116,0
exp2895,A12,117,0
exp2894,A12,118,0
exp2893,A12,119,0
exp2892,A12,120,1
exp2891,A12,121,1
exp2890,A12,122,0
exp2889,A12,123,0
exp2888,A12,124,0
exp2887,A12,125,0
exp2886,A12,126,0
exp2885,A12,127,0
exp2884,A12,128,1
exp2883,A12,129,0
exp2882,A12,130,0
exp2881,A12,131,0
exp2880,A12,132,0
exp2879,A12,133,0
exp2878,A12,134,0
exp2877,A12,135,0
exp2876,A12,136,0
exp2875,A12,137,0
exp2874,A12,138,1
exp2873,A12,139,0
exp2872,A12,140,0
exp2871,A12,141,0
exp2870,A12,142,0
exp2869,A12,143,1
exp2868,A12,144,1
exp2867,A12,145,0
exp2866,A12,146,0
exp2865,A12,147,0
exp2864,A12,148,1
exp2863,A12,149,1
exp2862,A12,150,1
exp2861,A12,151,0
exp2860,A12,152,0
exp2859,A12,153,1
exp2858,A12,154,0
exp2857,A12,155,0
exp2856,A12,156,1
exp2855,A12,157,0
exp2854,A12,158,0
exp2853,A12,159,0
exp2852,A12,160,0
exp2851,A12,161,0
exp2850,A12,162,1
exp2849,A12,163,1
exp2848,A12,164,1
exp2847,A12,165,0
exp2846,A12,166,0
exp2845,A12,167,0
exp2844,A12,168,0
exp2843,A12,169,0
exp2842,A12,170,0
exp2841,A12,171,0
exp2840,A12,172,0
exp2839,A12,173,0
exp2838,A12,174,0
exp2837,A12,175,0
exp2836,A12,176,0
exp2835,A12,177,0
exp2834,A12,178,1
exp2833,A12,179,1
exp2832,A12,180,0
exp2831,A12,181,0
exp2830,A12,182,1
exp2829,A12,183,1
exp2828,A12,184,0
exp2827,A12,185,0
exp2825,A12,186,0
exp2824,A12,187,0
exp2823,A12,188,0
exp2822,A12,189,0
exp2821,A12,190,0
exp2820,A12,191,0
exp2818,A12,192,1
exp2817,A12,193,0
exp2816,A12,194,0
exp2815,A12,195,0
exp2814,A12,196,0
exp2813,A12,197,0
exp2812,A12,198,1
exp2811,A12,199,0
exp2810,A12,200,0
exp2809,A12,201,0
exp2808,A12,202,0
exp2807,A12,203,1
exp2806,A12,204,0
exp2805,A12,205,0
exp2804,A12,206,0
exp2803,A12,207,1
exp2802,A12,208,1
exp2801,A12,209,0
exp2800,A12,210,0
exp2799,A12,211,0
exp2798,A12,212,0
exp2797,A12,213,0
exp2796,A12,214,0
exp2795,A12,215,1
exp2794,A12,216,1
exp2793,A12,217,1
exp2792,A12,218,0
exp2791,A12,219,0
exp2790,A12,220,0
exp2789,A12,221,1
exp2788,A12,222,0
exp2787,A12,223,0
exp2786,A12,224,0
exp2785,A12,225,1
exp2784,A12,226,1
exp2783,A12,227,0
exp2782,A12,228,0
exp2781,A12,229,0
exp2780,A12,230,0
exp2779,A12,231,0
exp2778,A12,232,0
exp2777,A12,233,0
exp2776,A12,234,0
exp2775,A12,235,0
exp2774,A12,236,1
exp2773,A12,237,0
exp2772,A12,238,1
exp2771,A12,239,0
exp2770,A12,240,0
exp2769,A12,241,0
exp2768,A12,242,0
exp2767,A12,243,0
exp2766,A12,244,0
exp2765,A12,245,0
exp2764,A12,246,0
exp2763,A12,247,0
exp2762,A12,248,0
exp2761,A12,249,0
exp2760,A12,250,0
exp2759,A12,251,0
exp2758,A12,252,0
exp2757,A12,253,0
exp2756,A12,254,0
exp2755,A12,255,0
exp2754,A12,256,0
exp2753,A12,257,0
exp2752,A12,258,0
exp2751,A12,259,0
exp2750,A12,260,0
exp2749,A12,261,0
exp2748,A12,262,0
exp2747,A12,263,0
exp2746,A12,264,0
exp2745,A12,265,0
exp2744,A12,266,0
exp2743,A12,267,0
exp2742,A12,268,0
exp2741,A12,269,0
exp2740,A12,270,0
exp2739,A12,271,0
exp2738,A12,272,0
exp2737,A12,273,0
exp2736,A12,274,0
exp2735,A12,275,0
exp2734,A12,276,0
exp2733,A12,277,0
exp2732,A12,278,0
exp2731,A12,279,0
exp2730,A12,280,0
exp2729,A12,281,0
exp2728,A12,282,0
exp2727,A12,283,0
exp2726,A12,284,0
exp2725,A12,285,0
exp2724,A12,286,0
exp2723,A12,287,0
exp2722,A12,288,0
exp2721,A12,289,0
exp2720,A12,290,0
exp2719,A12,291,0
exp2718,A12,292,0
exp2717,A12,293,0
exp2716,A12,294,0
exp2715,A12,295,0
exp2714,A12,296,0
exp2713,A12,297,0
exp2712,A12,298,0
exp2711,A12,299,0
exp2710,A12,300,0
exp2709,A12,301,0
exp2708,A12,302,0
exp2707,A12,303,0
exp2706,A12,304,0
exp2705,A12,305,0
exp2704,A12,306,0
exp2703,A12,307,0
exp2702,A12,308,0
exp2701,A12,309,0
exp2700,A12,310,0
exp2699,A12,311,0
exp2698,A12,312,0
exp2697,A12,313,0
exp2696,A12,314,0
exp2695,A12,315,0
exp2694,A12,316,0
exp2693,A12,317,0
exp2692,A12,318,0
exp2691,A12,319,0
exp2690,A12,320,0
exp2689,A12,321,0
exp2688,A12,322,0
exp2687,A12,323,0
exp2686,A12,324,0
exp2685,A12,325,0
exp2684,A12,326,0
exp2683,A12,327,0
exp2682,A12,328,0
exp2681,A12,329,0
exp2680,A12,330,0
exp2679,A12,331,0
exp2678,A12,332,0
exp2677,A12,333,0
exp2676,A12,334,0
exp2675,A12,335,0
exp2674,A12,336,0
exp2673,A12,337,0
exp2672,A12,338,0
exp2671,A12,339,0
exp2670,A12,340,0
exp2669,A12,341,0
exp2668,A12,342,0
exp2667,A12,343,0
exp2666,A12,344,0
exp2665,A12,345,0
exp2664,A12,346,0
exp2663,A12,347,0
exp2662,A12,348,0
exp2661,A12,349,0
exp2659,A12,350,0
exp2658,A12,351,0
exp2657,A12,352,0
exp2656,A12,353,0
exp2655,A12,354,0
exp2654,A12,355,0
exp2653,A12,356,0
exp2652,A12,357,0
exp2651,A12,358,0
exp2650,A12,359,0
exp2649,A12,360,0
exp2648,A12,361,0
exp2647,A12,362,0
exp2646,A12,363,0
exp2645,A12,364,0
exp2644,A12,365,0
exp2643,A12,366,0
exp2642,A12,367,0
exp2641,A12,368,0
exp2640,A12,369,0
exp2639,A12,370,0
exp2637,A12,371,0
exp2636,A12,372,0
exp2635,A12,373,0
exp2634,A12,374,0
exp2633,A12,375,0
exp2632,A12,376,0
exp2631,A12,377,0
exp2630,A12,378,0
exp2629,A12,379,0
exp2628,A12,380,0
exp2627,A12,381,0
exp2626,A12,382,0
exp2625,A12,383,0
exp2624,A12,384,0
exp2623,A12,385,0
exp2622,A12,386,0
exp2621,A12,387,0
exp2620,A12,388,0
exp2619,A12,389,0
exp2618,A12,390,0
exp2617,A12,391,0
exp2616,A12,392,0
exp2615,A12,393,0
exp2614,A12,394,0
exp2613,A12,395,0
exp2612,A12,396,0
exp2611,A12,397,0
exp2610,A12,398,0
exp2609,A12,399,0
exp2608,A12,400,0
exp2607,A12,401,0
exp2606,A12,402,0
exp2605,A12,403,0
exp2604,A12,404,0
exp2603,A12,405,0
exp2602,A12,406,0
exp2601,A12,407,0
exp2600,A12,408,0
exp2599,A12,409,0
exp2598,A12,410,0
exp2597,A12,411,0
exp2596,A12,412,0
exp2595,A12,413,0
exp2594,A12,414,0
exp2593,A12,415,0
exp2592,A12,416,0
exp2590,A12,417,0
exp2589,A12,418,0
exp2588,A12,419,0
exp2587,A12,420,0
exp2586,A12,421,0
exp2585,A12,422,0
exp2584,A12,423,0
exp2583,A12,424,0
exp2582,A12,425,0
exp2581,A12,426,0
exp2580,A12,427,0
exp2579,A12,428,0
exp2578,A12,429,0
exp2577,A12,430,0
exp2576,A12,431,0
exp2575,A12,432,0
exp2574,A12,433,0
exp2573,A12,434,0
exp2572,A12,435,0
exp2571,A12,436,0
exp2570,A12,437,0
exp2569,A12,438,0
exp2568,A12,439,0
exp2567,A12,440,0
exp2566,A12,441,0
exp2565,A12,442,0
exp2564,A12,443,0
exp2563,A12,444,0
exp2562,A12,445,0
exp2561,A12,446,0
exp2560,A12,447,0
exp2559,A12,448,0
exp2558,A12,449,0
exp2557,A12,450,0
exp2556,A12,451,0
exp2555,A12,452,0
exp2554,A12,453,0
exp2553,A12,454,0
exp2552,A12,455,0
exp2551,A12,456,0
exp2550,A12,457,0
exp2549,A12,458,0
exp2548,A12,459,0
exp2547,A12,460,0
exp2546,A12,461,0
exp2545,A12,462,0
exp2544,A12,463,0
exp2543,A12,464,0
exp2542,A12,465,0
exp2541,A12,466,0
exp2540,A12,467,0
exp2539,A12,468,0
exp2538,A12,469,0
exp2537,A12,470,0
exp2536,A12,471,0
exp2535,A12,472,0
exp2534,A12,473,0
exp2533,A12,474,0
exp2532,A12,475,0
exp2531,A12,476,0
exp2530,A12,477,0
exp2529,A12,478,0
exp2528,A12,479,0
exp2524,A12,480,0
exp2523,A12,481,0
exp2522,A12,482,0
exp2519,A12,483,0
exp2513,A12,484,0
exp2512,A12,485,0
exp2511,A12,486,0
exp2510,A12,487,0
exp2501,A12,488,0
exp2500,A12,489,0
exp2495,A12,490,0
exp2493,A12,491,0
exp2492,A12,492,0
exp2491,A12,493,0
exp2488,A12,494,0
exp2476,A12,495,0
exp2475,A12,496,0
exp2472,A12,497,0
exp2471,A12,498,0
exp2465,A12,499,0
exp2464,A12,500,0
exp2463,A12,501,0
exp2462,A12,502,0
,A12,503,0
exp2449,A12,504,0
exp2448,A12,505,0
exp2435,A12,506,0
exp2432,A12,507,0
exp2431,A12,508,0
exp2426,A12,509,0
exp2421,A12,510,0
exp2380,A12,512,0
exp2378,A12,513,0
exp2375,A12,514,0
exp2360,A12,515,0
exp2347,A12,516,0
exp2306,A12,517,0
exp2296,A12,518,0
exp1523,A12,519,0
exp1525,A12,520,0
exp1526,A12,521,0
exp1528,A12,522,0
exp1529,A12,523,0
exp1530,A12,524,0
exp1531,A12,525,0
exp1532,A12,526,0
exp1536,A12,527,0
exp1537,A12,528,0
exp1541,A12,529,0
exp1544,A12,530,0
exp1547,A12,531,0
exp1549,A12,532,0
exp1554,A12,533,0
exp1555,A12,534,0
exp1556,A12,535,0
exp1557,A12,536,0
exp1559,A12,537,0
exp1561,A12,538,0
exp1562,A12,539,0
exp1565,A12,540,0
exp1567,A12,541,0
exp1568,A12,542,0
exp1569,A12,543,0
exp1570,A12,544,0
exp1571,A12,545,0
exp1572,A12,546,0
exp1573,A12,547,0
exp1574,A12,548,0
exp1576,A12,549,0
exp1577,A12,550,0
exp1583,A12,551,0
exp1586,A12,552,0
exp1588,A12,553,0
exp1589,A12,554,0
exp1591,A12,555,0
exp1593,A12,556,0
exp1594,A12,557,0
exp1595,A12,558,0
exp1596,A12,559,0
exp1598,A12,560,0
exp1601,A12,561,0
exp1602,A12,562,0
exp1605,A12,563,0
exp1606,A12,564,0
exp1607,A12,565,0
exp1608,A12,566,0
exp1610,A12,567,0
exp1611,A12,568,0
exp1613,A12,569,0
exp1614,A12,570,0
exp1616,A12,571,0
exp1617,A12,572,0
exp1618,A12,573,0
exp1619,A12,574,0
exp1622,A12,575,0
exp1623,A12,576,0
exp1624,A12,577,0
exp1626,A12,578,0
exp1627,A12,579,0
exp1628,A12,580,0
exp1631,A12,581,0
exp1632,A12,582,0
exp1633,A12,583,0
exp1635,A12,584,0
exp1637,A12,585,0
exp1638,A12,586,0
exp1639,A12,587,0
exp1641,A12,588,0
exp1642,A12,589,0
exp1643,A12,590,0
exp1646,A12,591,0
exp1649,A12,592,0
exp1651,A12,593,0
exp1652,A12,594,0
exp1653,A12,595,0
exp1654,A12,596,0
exp1656,A12,597,0
exp1658,A12,598,0
exp1659,A12,599,0
exp1660,A12,600,0
exp1661,A12,601,0
exp1663,A12,602,0
exp1665,A12,603,0
exp1667,A12,604,0
exp1668,A12,605,0
exp1670,A12,606,0
exp1671,A12,607,0
exp1672,A12,608,0
exp1673,A12,609,0
exp1674,A12,610,0
exp1676,A12,611,0
exp1681,A12,612,0
exp1683,A12,613,0
exp1685,A12,614,0
exp1693,A12,615,0
exp1694,A12,616,0
exp1695,A12,617,0
exp1696,A12,618,0
exp1697,A12,619,0
exp1699,A12,620,0
exp1700,A12,621,0
exp1701,A12,622,0
exp1702,A12,623,0
exp1704,A12,624,0
exp1705,A12,625,0
exp1706,A12,626,0
exp1709,A12,627,0
exp1711,A12,628,0
exp1713,A12,629,0
exp1718,A12,630,0
exp1719,A12,631,0
exp1723,A12,632,0
exp1724,A12,633,0
exp1725,A12,634,0
exp1726,A12,635,0
exp1729,A12,636,0
exp1730,A12,637,0
exp1731,A12,638,0
exp1733,A12,639,0
exp1734,A12,640,0
exp1735,A12,641,0
exp1736,A12,642,0
exp1737,A12,643,0
exp1738,A12,644,0
exp1739,A12,645,0
exp1740,A12,646,0
exp1741,A12,647,0
exp1742,A12,648,0
exp1745,A12,649,0
exp1746,A12,650,0
exp1747,A12,651,0
exp1752,A12,652,0
exp1753,A12,653,0
exp1754,A12,654,0
exp1756,A12,655,0
exp1759,A12,656,0
exp1761,A12,657,0
exp1762,A12,658,0
exp1768,A12,659,0
exp1769,A12,660,0
exp1770,A12,661,0
exp1772,A12,662,0
exp1774,A12,663,0
exp1776,A12,664,0
exp1777,A12,665,0
exp1778,A12,666,0
exp1780,A12,667,0
exp1782,A12,668,0
exp1784,A12,669,0
exp1785,A12,670,0
exp1787,A12,671,0
exp1788,A12,672,0
exp1789,A12,673,0
exp1792,A12,674,0
exp1794,A12,675,0
exp1795,A12,676,0
exp1796,A12,677,0
exp1799,A12,678,0
exp1800,A12,679,0
exp1801,A12,680,0
exp1802,A12,681,0
exp1803,A12,682,0
exp1805,A12,683,0
exp1808,A12,684,0
exp1811,A12,685,0
exp1817,A12,686,0
exp1818,A12,687,0
exp1819,A12,688,0
exp1822,A12,689,0
exp1824,A12,690,0
exp1826,A12,691,0
exp1827,A12,692,0
exp1829,A12,693,0
exp1835,A12,694,0
exp1836,A12,695,0
exp1837,A12,696,0
exp1841,A12,697,0
exp1844,A12,698,0
exp1845,A12,699,0
exp1847,A12,700,0
exp1850,A12,701,0
exp1851,A12,702,0
exp1852,A12,703,0
exp1854,A12,704,0
exp1856,A12,705,0
exp1857,A12,706,0
exp1859,A12,707,0
exp1860,A12,708,0
exp1861,A12,709,0
exp1863,A12,710,0
exp1864,A12,711,0
exp1866,A12,712,0
exp1867,A12,713,0
exp1868,A12,714,0
exp1870,A12,715,0
exp1873,A12,716,0
exp1875,A12,717,0
exp1878,A12,718,0
exp1879,A12,719,0
exp1882,A12,720,0
exp1883,A12,721,0
exp1884,A12,722,0
exp1885,A12,723,0
exp1886,A12,724,0
exp1887,A12,725,0
exp1888,A12,726,0
exp1890,A12,727,0
exp1891,A12,728,0
exp1892,A12,729,0
exp1894,A12,730,0
exp1895,A12,731,0
exp1896,A12,732,0
exp1898,A12,733,0
exp1899,A12,734,0
exp1901,A12,735,0
exp1903,A12,736,0
exp1904,A12,737,0
exp1906,A12,738,0
exp1908,A12,739,0
exp1910,A12,740,0
exp1911,A12,741,0
exp1915,A12,742,0
exp1918,A12,743,0
exp1919,A12,744,0
exp1920,A12,745,0
exp1921,A12,746,0
exp1922,A12,747,0
exp1924,A12,748,0
exp1926,A12,749,0
exp1930,A12,750,0
exp1932,A12,751,0
exp1933,A12,752,0
exp1934,A12,753,0
exp1936,A12,754,0
exp1939,A12,755,0
exp1940,A12,756,0
exp1941,A12,757,0
exp1942,A12,758,0
exp1945,A12,759,0
exp1946,A12,760,0
exp1947,A12,761,0
exp1948,A12,762,0
exp1949,A12,763,0
exp1950,A12,764,0
exp1955,A12,765,0
exp1956,A12,766,0
exp1957,A12,767,0
exp1958,A12,768,0
exp1961,A12,769,0
exp1962,A12,770,0
exp1964,A12,771,0
exp1967,A12,772,0
exp1970,A12,773,0
exp1971,A12,774,0
exp1972,A12,775,0
exp1973,A12,776,0
exp1974,A12,777,0
exp1975,A12,778,0
exp1976,A12,779,0
exp1977,A12,780,0
exp1979,A12,781,0
exp1983,A12,782,0
exp1984,A12,783,0
exp1985,A12,784,0
exp1986,A12,785,0
exp1988,A12,786,0
exp1990,A12,787,0
exp1991,A12,788,0
exp1993,A12,789,0
exp1994,A12,790,0
exp1996,A12,791,0
exp1997,A12,792,0
exp1999,A12,793,0
exp2000,A12,794,0
exp2001,A12,795,0
exp2006,A12,796,0
exp2008,A12,797,0
exp2010,A12,798,0
exp2011,A12,799,0
exp2012,A12,800,0
exp2013,A12,801,0
exp2015,A12,802,0
exp2016,A12,803,0
exp2018,A12,804,0
exp2019,A12,805,0
exp2020,A12,806,0
exp2026,A12,807,0
exp2028,A12,808,0
exp2030,A12,809,0
exp2031,A12,810,0
exp2032,A12,811,0
exp2036,A12,812,0
exp2037,A12,813,0
exp2038,A12,814,0
exp2042,A12,815,0
exp2045,A12,816,0
exp2046,A12,817,0
exp2047,A12,818,0
exp2049,A12,819,0
exp2050,A12,820,0
exp2052,A12,821,0
exp2054,A12,822,0
exp2055,A12,823,0
exp2056,A12,824,0
exp2057,A12,825,0
exp2059,A12,826,0
exp2062,A12,827,0
exp2064,A12,828,0
exp2065,A12,829,0
exp2066,A12,830,0
exp2067,A12,831,0
exp2069,A12,832,0
exp2070,A12,833,0
exp2071,A12,834,0
exp2072,A12,835,0
exp2073,A12,836,0
exp2074,A12,837,0
exp2076,A12,838,0
exp2078,A12,839,0
exp2080,A12,840,0
exp2082,A12,841,0
exp2085,A12,842,0
exp2086,A12,843,0
exp2087,A12,844,0
exp2089,A12,845,0
exp2090,A12,846,0
exp2091,A12,847,0
exp2092,A12,848,0
exp2093,A12,849,0
exp2094,A12,850,0
exp2096,A12,851,0
exp2098,A12,852,0
exp2099,A12,853,0
exp2100,A12,854,0
exp2102,A12,855,0
exp2106,A12,856,0
exp2113,A12,857,0
exp2114,A12,858,0
exp2117,A12,859,0
exp2118,A12,860,0
exp2119,A12,861,0
exp2120,A12,862,0
exp2124,A12,863,0
exp2125,A12,864,0
exp2127,A12,865,0
exp2130,A12,866,0
exp2131,A12,867,0
exp2132,A12,868,0
exp2133,A12,869,0
exp2134,A12,870,0
exp2137,A12,871,0
exp2138,A12,872,0
exp2139,A12,873,0
exp2140,A12,874,0
exp2147,A12,875,0
exp2150,A12,876,0
exp2151,A12,877,0
exp2154,A12,878,0
exp2155,A12,879,0
exp2156,A12,880,0
exp2157,A12,881,0
exp2158,A12,882,0
exp2161,A12,883,0
exp2165,A12,884,0
exp2166,A12,885,0
exp2168,A12,886,0
exp2171,A12,887,0
exp2172,A12,888,0
exp2175,A12,889,0
exp2176,A12,890,0
exp2177,A12,891,0
exp2178,A12,892,0
exp2179,A12,893,0
exp2180,A12,894,0
exp2182,A12,895,0
exp2190,A12,896,0
exp2192,A12,897,0
exp2195,A12,898,0
exp2196,A12,899,0
exp2198,A12,900,0
exp2199,A12,901,0
exp2204,A12,902,0
exp2206,A12,903,0
exp2208,A12,904,0
exp2210,A12,905,0
exp2212,A12,906,0
exp2213,A12,907,0
exp2214,A12,908,0
exp2215,A12,909,0
exp2216,A12,910,0
exp2217,A12,911,0
exp2221,A12,912,0
exp2222,A12,913,0
exp2223,A12,914,0
exp2226,A12,915,0
exp2227,A12,916,0
exp2231,A12,917,0
exp2233,A12,918,0
exp2235,A12,919,0
exp2236,A12,920,0
exp2244,A12,921,0
exp2245,A12,922,0
exp2246,A12,923,0
exp2250,A12,924,0
exp2253,A12,925,0
exp2254,A12,926,0
exp2255,A12,927,0
exp2257,A12,928,0
exp2258,A12,929,0
exp2259,A12,930,0
exp2261,A12,931,0
exp2265,A12,932,0
exp2266,A12,933,0
exp2267,A12,934,0
exp2268,A12,935,0
exp2271,A12,936,0
exp2272,A12,937,0
exp2274,A12,938,0
exp2277,A12,939,0
exp1518,A12,940,0
exp1501,A12,941,0
exp1495,A12,942,0
exp1498,A12,943,0
exp1500,A12,944,0
exp1502,A12,945,0
exp1508,A12,946,0
exp1481,A12,947,0
exp1490,A12,948,0
exp1493,A12,949,0
exp1494,A12,950,0
exp1476,A12,951,0
exp1478,A12,952,0
exp1482,A12,953,0
exp1485,A12,954,0
exp1487,A12,955,0
exp1489,A12,956,0
exp1466,A12,957,0
exp1469,A12,958,0
exp1473,A12,959,0
exp1475,A12,960,0
exp1479,A12,961,0
exp1480,A12,962,0
exp1452,A12,963,0
exp1454,A12,964,0
exp1458,A12,965,0
exp1460,A12,966,0
exp1463,A12,967,0
exp1465,A12,968,0
exp1468,A12,969,0
exp1471,A12,970,0
exp1445,A12,971,0
exp1446,A12,972,0
exp1447,A12,973,0
exp1451,A12,974,0
exp1453,A12,975,0
exp1456,A12,976,0
exp1459,A12,977,0
exp1435,A12,978,0
exp1439,A12,979,0
exp1441,A12,980,0
exp1443,A12,981,0
exp1444,A12,982,0
exp1450,A12,983,0
exp1424,A12,984,0
exp1429,A12,985,0
exp1436,A12,986,0
exp1438,A12,987,0
exp1440,A12,988,0
exp1419,A12,989,0
exp1420,A12,990,0
exp1423,A12,991,0
exp1425,A12,992,0
exp1427,A12,993,0
exp1430,A12,994,0
exp1433,A12,995,0
exp1407,A12,996,0
exp1414,A12,997,0
exp1416,A12,998,0
exp1417,A12,999,0
exp1418,A12,1000,0
exp1421,A12,1001,0
exp1422,A12,1002,0
exp1399,A12,1003,0
exp1405,A12,1004,0
exp1406,A12,1005,0
exp1408,A12,1006,0
exp1409,A12,1007,0
exp1410,A12,1008,0
exp1411,A12,1009,0
exp1413,A12,1010,0
exp1415,A12,1011,0
exp1387,A12,1012,0
exp1389,A12,1013,0
exp1390,A12,1014,0
exp1382,A12,1015,0
exp1383,A12,1016,0
exp1395,A12,1017,0
exp1398,A12,1018,0
exp1402,A12,1019,0
exp1403,A12,1020,0
exp1404,A12,1021,0
exp1360,A12,1022,0
exp1371,A12,1023,0
exp1374,A12,1024,0
exp1377,A12,1025,0
exp1379,A12,1026,0
exp1380,A12,1027,0
exp1384,A12,1028,0
exp1354,A12,1029,0
exp1359,A12,1030,0
exp1362,A12,1031,0
exp1364,A12,1032,0
exp1366,A12,1033,0
exp1367,A12,1034,0
exp1340,A12,1035,0
exp1351,A12,1036,0
exp1356,A12,1037,0
exp1357,A12,1038,0
exp1358,A12,1039,0
exp1368,A12,1040,0
exp1337,A12,1041,0
exp1342,A12,1042,0
exp1343,A12,1043,0
exp1344,A12,1044,0
exp1345,A12,1045,0
exp1346,A12,1046,0
exp1348,A12,1047,0
exp1349,A12,1048,0
exp1353,A12,1049,0
exp1328,A12,1050,0
exp1339,A12,1051,0
exp1341,A12,1052,0
exp1322,A12,1053,0
exp1326,A12,1054,0
exp1327,A12,1055,0
exp1329,A12,1056,0
exp1331,A12,1057,0
exp1333,A12,1058,0
exp1334,A12,1059,0
exp1310,A12,1060,0
exp1317,A12,1061,0
exp1318,A12,1062,0
exp1323,A12,1063,0
exp1313,A12,1064,0
exp1315,A12,1065,0
exp1316,A12,1066,0
exp1319,A12,1067,0
exp1325,A12,1068,0
exp1296,A12,1069,0
exp1300,A12,1070,0
exp1303,A12,1071,0
exp1304,A12,1072,0
exp1305,A12,1073,0
exp1288,A12,1074,0
exp1292,A12,1075,0
exp1295,A12,1076,0
exp1301,A12,1077,0
exp1280,A12,1078,0
exp1281,A12,1079,0
exp1282,A12,1080,0
exp1283,A12,1081,0
exp1284,A12,1082,0
exp1286,A12,1083,0
exp1291,A12,1084,0
exp1268,A12,1085,0
exp1270,A12,1086,0
exp1271,A12,1087,0
exp1272,A12,1088,0
exp1274,A12,1089,0
exp1275,A12,1090,0
exp1276,A12,1091,0
exp1278,A12,1092,0
exp1279,A12,1093,0
exp1255,A12,1094,0
exp1263,A12,1095,0
exp1265,A12,1096,0
exp1266,A12,1097,0
exp1267,A12,1098,0
exp1269,A12,1099,0
exp1277,A12,1100,0
exp1253,A12,1101,0
exp1256,A12,1102,0
exp1258,A12,1103,0
exp1259,A12,1104,0
exp1261,A12,1105,0
exp1262,A12,1106,0
exp1234,A12,1107,0
exp1245,A12,1108,0
exp1250,A12,1109,0
exp1251,A12,1110,0
exp1232,A12,1111,0
exp1237,A12,1112,0
exp1244,A12,1113,0
exp1246,A12,1114,0
exp1228,A12,1115,0
exp1231,A12,1116,0
exp1236,A12,1117,0
exp1238,A12,1118,0
exp1240,A12,1119,0
exp1242,A12,1120,0
exp1226,A12,1121,0
exp1227,A12,1122,0
exp1233,A12,1123,0
exp1208,A12,1124,0
exp1216,A12,1125,0
exp1217,A12,1126,0
exp1218,A12,1127,0
exp1219,A12,1128,0
exp1220,A12,1129,0
exp1222,A12,1130,0
exp1225,A12,1131,0
exp1230,A12,1132,0
exp1202,A12,1133,0
exp1204,A12,1134,0
exp1206,A12,1135,0
exp1207,A12,1136,0
exp1210,A12,1137,0
exp1212,A12,1138,0
exp1198,A12,1139,0
exp1199,A12,1140,0
exp1200,A12,1141,0
exp1211,A12,1142,0
exp1213,A12,1143,0
exp1214,A12,1144,0
exp1215,A12,1145,0
exp1186,A12,1146,0
exp1187,A12,1147,0
exp1189,A12,1148,0
exp1191,A12,1149,0
exp1192,A12,1150,0
exp1193,A12,1151,0
exp1194,A12,1152,0
exp1197,A12,1153,0
exp1201,A12,1154,0
exp1183,A12,1155,0
exp1185,A12,1156,0
exp1169,A12,1157,0
exp1172,A12,1158,0
exp1174,A12,1159,0
exp1157,A12,1160,0
exp1159,A12,1161,0
exp1161,A12,1162,0
exp1163,A12,1163,0
exp1166,A12,1164,0
exp1168,A12,1165,0
exp1147,A12,1166,0
exp1151,A12,1167,0
exp1156,A12,1168,0
exp1158,A12,1169,0
exp1160,A12,1170,0
exp1167,A12,1171,0
exp1170,A12,1172,0
exp1140,A12,1173,0
exp1144,A12,1174,0
exp1145,A12,1175,0
exp1148,A12,1176,0
exp1149,A12,1177,0
exp1152,A12,1178,0
exp1153,A12,1179,0
exp1154,A12,1180,0
exp1133,A12,1181,0
exp1134,A12,1182,0
exp1136,A12,1183,0
exp1137,A12,1184,0
exp1138,A12,1185,0
exp1141,A12,1186,0
exp1155,A12,1187,0
exp1118,A12,1188,0
exp1123,A12,1189,0
exp1125,A12,1190,0
exp1126,A12,1191,0
exp1127,A12,1192,0
exp1129,A12,1193,0
exp1130,A12,1194,0
exp1139,A12,1195,0
exp1111,A12,1196,0
exp1113,A12,1197,0
exp1115,A12,1198,0
exp1120,A12,1199,0
exp1121,A12,1200,0
exp1128,A12,1201,0
exp1095,A12,1202,0
exp1096,A12,1203,0
exp1099,A12,1204,0
exp1104,A12,1205,0
exp1105,A12,1206,0
exp1107,A12,1207,0
exp1108,A12,1208,0
exp1109,A12,1209,0
exp1119,A12,1210,0
exp1089,A12,1211,0
exp1092,A12,1212,0
exp1093,A12,1213,0
exp1094,A12,1214,0
exp1100,A12,1215,0
exp1101,A12,1216,0
exp1103,A12,1217,0
exp1084,A12,1218,0
exp1085,A12,1219,0
exp1088,A12,1220,0
exp1090,A12,1221,0
exp1091,A12,1222,0
exp1067,A12,1223,0
exp1068,A12,1224,0
exp1070,A12,1225,0
exp1071,A12,1226,0
exp1072,A12,1227,0
exp1075,A12,1228,0
exp1077,A12,1229,0
exp1079,A12,1230,0
exp1056,A12,1231,0
exp1062,A12,1232,0
exp1063,A12,1233,0
exp1065,A12,1234,0
exp1073,A12,1235,0
exp1053,A12,1236,0
exp1059,A12,1237,0
exp1060,A12,1238,0
exp1061,A12,1239,0
exp1035,A12,1240,0
exp1043,A12,1241,0
exp1047,A12,1242,0
exp1048,A12,1243,0
exp1054,A12,1244,0
exp1058,A12,1245,0
exp1037,A12,1246,0
exp1038,A12,1247,0
exp1042,A12,1248,0
exp1044,A12,1249,0
exp1045,A12,1250,0
exp1046,A12,1251,0
exp1023,A12,1252,0
exp1024,A12,1253,0
exp1027,A12,1254,0
exp1031,A12,1255,0
exp1033,A12,1256,0
exp1034,A12,1257,0
exp1036,A12,1258,0
exp1039,A12,1259,0
exp1040,A12,1260,0
exp1019,A12,1261,0
exp1020,A12,1262,0
exp1021,A12,1263,0
exp1022,A12,1264,0
exp1025,A12,1265,0
exp1026,A12,1266,0
exp1028,A12,1267,0
exp1029,A12,1268,0
exp1004,A12,1269,0
exp1006,A12,1270,0
exp1016,A12,1271,0
exp1018,A12,1272,0
exp995,A12,1273,0
exp998,A12,1274,0
exp1002,A12,1275,0
exp1005,A12,1276,0
exp1007,A12,1277,0
exp1009,A12,1278,0
exp1012,A12,1279,0
exp1015,A12,1280,0
exp984,A12,1281,0
exp985,A12,1282,0
exp989,A12,1283,0
exp991,A12,1284,0
exp979,A12,1285,0
exp983,A12,1286,0
exp986,A12,1287,0
exp987,A12,1288,0
exp988,A12,1289,0
exp990,A12,1290,0
exp993,A12,1291,0
exp970,A12,1292,0
exp973,A12,1293,0
exp974,A12,1294,0
exp976,A12,1295,0
exp981,A12,1296,0
exp954,A12,1297,0
exp957,A12,1298,0
exp959,A12,1299,0
exp962,A12,1300,0
exp963,A12,1301,0
exp977,A12,1302,0
exp953,A12,1303,0
exp956,A12,1304,0
exp960,A12,1305,0
exp966,A12,1306,0
exp939,A12,1307,0
exp940,A12,1308,0
exp943,A12,1309,0
exp946,A12,1310,0
exp947,A12,1311,0
exp948,A12,1312,0
exp950,A12,1313,0
exp951,A12,1314,0
exp952,A12,1315,0
exp961,A12,1316,0
exp934,A12,1317,0
exp935,A12,1318,0
exp937,A12,1319,0
exp938,A12,1320,0
exp941,A12,1321,0
exp919,A12,1322,0
exp925,A12,1323,0
exp928,A12,1324,0
exp930,A12,1325,0
exp931,A12,1326,0
exp932,A12,1327,0
exp912,A12,1328,0
exp913,A12,1329,0
exp915,A12,1330,0
exp916,A12,1331,0
exp918,A12,1332,0
exp923,A12,1333,0
exp897,A12,1334,0
exp899,A12,1335,0
exp904,A12,1336,0
exp905,A12,1337,0
exp910,A12,1338,0
exp911,A12,1339,0
exp914,A12,1340,0
exp891,A12,1341,0
exp895,A12,1342,0
exp901,A12,1343,0
exp902,A12,1344,0
exp883,A12,1345,0
exp884,A12,1346,0
exp887,A12,1347,0
exp888,A12,1348,0
exp893,A12,1349,0
exp894,A12,1350,0
exp869,A12,1351,0
exp870,A12,1352,0
exp871,A12,1353,0
exp874,A12,1354,0
exp875,A12,1355,0
exp876,A12,1356,0
exp882,A12,1357,0
exp886,A12,1358,0
exp851,A12,1359,0
exp863,A12,1360,0
exp867,A12,1361,0
exp852,A12,1362,0
exp853,A12,1363,0
exp855,A12,1364,0
exp856,A12,1365,0
exp857,A12,1366,0
exp860,A12,1367,0
exp862,A12,1368,0
exp844,A12,1369,0
exp847,A12,1370,0
exp848,A12,1371,0
exp850,A12,1372,0
exp854,A12,1373,0
exp859,A12,1374,0
exp861,A12,1375,0
exp836,A12,1376,0
exp837,A12,1377,0
exp840,A12,1378,0
exp842,A12,1379,0
exp843,A12,1380,0
exp849,A12,1381,0
exp832,A12,1382,0
exp838,A12,1383,0
exp819,A12,1384,0
exp820,A12,1385,0
exp821,A12,1386,0
exp826,A12,1387,0
exp830,A12,1388,0
exp831,A12,1389,0
exp834,A12,1390,0
exp814,A12,1391,0
exp824,A12,1392,0
exp825,A12,1393,0
exp829,A12,1394,0
exp808,A12,1395,0
exp813,A12,1396,0
exp815,A12,1397,0
exp816,A12,1398,0
exp818,A12,1399,0
exp797,A12,1400,0
exp801,A12,1401,0
exp803,A12,1402,0
exp807,A12,1403,0
exp809,A12,1404,0
exp810,A12,1405,0
exp811,A12,1406,0
exp817,A12,1407,0
exp791,A12,1408,0
exp794,A12,1409,0
exp795,A12,1410,0
exp798,A12,1411,0
exp799,A12,1412,0
exp802,A12,1413,0
exp806,A12,1414,0
exp781,A12,1415,0
exp782,A12,1416,0
exp784,A12,1417,0
exp790,A12,1418,0
exp804,A12,1419,0
exp805,A12,1420,0
exp778,A12,1421,0
exp785,A12,1422,0
exp787,A12,1423,0
exp792,A12,1424,0
exp768,A12,1425,0
exp769,A12,1426,0
exp771,A12,1427,0
exp775,A12,1428,0
exp759,A12,1429,0
exp762,A12,1430,0
exp763,A12,1431,0
exp764,A12,1432,0
exp765,A12,1433,0
exp767,A12,1434,0
exp770,A12,1435,0
exp772,A12,1436,0
exp754,A12,1437,0
exp756,A12,1438,0
exp757,A12,1439,0
exp760,A12,1440,0
exp744,A12,1441,0
exp745,A12,1442,0
exp755,A12,1443,0
exp733,A12,1444,0
exp735,A12,1445,0
exp740,A12,1446,0
exp741,A12,1447,0
exp743,A12,1448,0
exp724,A12,1449,0
exp726,A12,1450,0
exp729,A12,1451,0
exp730,A12,1452,0
exp706,A12,1453,0
exp708,A12,1454,0
exp716,A12,1455,0
exp717,A12,1456,0
exp718,A12,1457,0
exp720,A12,1458,0
exp722,A12,1459,0
exp723,A12,1460,0
exp725,A12,1461,0
exp728,A12,1462,0
exp704,A12,1463,0
exp707,A12,1464,0
exp709,A12,1465,0
exp712,A12,1466,0
exp700,A12,1467,0
exp701,A12,1468,0
exp702,A12,1469,0
exp710,A12,1470,0
exp711,A12,1471,0
exp713,A12,1472,0
exp691,A12,1473,0
exp692,A12,1474,0
exp693,A12,1475,0
exp694,A12,1476,0
exp699,A12,1477,0
exp715,A12,1478,0
exp683,A12,1479,0
exp686,A12,1480,0
exp690,A12,1481,0
exp695,A12,1482,0
exp696,A12,1483,0
exp698,A12,1484,0
exp675,A12,1485,0
exp677,A12,1486,0
exp680,A12,1487,0
exp681,A12,1488,0
exp684,A12,1489,0
exp685,A12,1490,0
exp662,A12,1491,0
exp666,A12,1492,0
exp668,A12,1493,0
exp671,A12,1494,0
exp673,A12,1495,0
exp676,A12,1496,0
exp678,A12,1497,0
exp682,A12,1498,0
exp655,A12,1499,0
exp663,A12,1500,0
exp665,A12,1501,0
exp669,A12,1502,0
exp672,A12,1503,0
exp650,A12,1504,0
exp656,A12,1505,0
exp657,A12,1506,0
exp659,A12,1507,0
exp660,A12,1508,0
exp664,A12,1509,0
exp670,A12,1510,0
exp643,A12,1511,0
exp646,A12,1512,0
exp648,A12,1513,0
exp651,A12,1514,0
exp652,A12,1515,0
exp653,A12,1516,0
exp654,A12,1517,0
exp628,A12,1518,0
exp639,A12,1519,0
exp641,A12,1520,0
exp644,A12,1521,0
exp645,A12,1522,0
exp647,A12,1523,0
exp617,A12,1524,0
exp620,A12,1525,0
exp623,A12,1526,0
exp624,A12,1527,0
exp627,A12,1528,0
exp631,A12,1529,0
exp638,A12,1530,0
exp640,A12,1531,0
exp615,A12,1532,0
exp616,A12,1533,0
exp619,A12,1534,0
exp626,A12,1535,0
exp629,A12,1536,0
exp630,A12,1537,0
exp634,A12,1538,0
exp637,A12,1539,0
exp622,A12,1540,0
exp636,A12,1541,0
exp595,A12,1542,0
exp598,A12,1543,0
exp612,A12,1544,0
exp613,A12,1545,0
exp596,A12,1546,0
exp597,A12,1547,0
exp584,A12,1548,0
exp599,A12,1549,0
exp574,A12,1550,0
exp582,A12,1551,0
exp558,A12,1552,0
exp560,A12,1553,0
exp562,A12,1554,0
exp564,A12,1555,0
exp579,A12,1556,0
exp556,A12,1557,0
exp561,A12,1558,0
exp567,A12,1559,0
exp545,A12,1560,0
exp552,A12,1561,0
exp555,A12,1562,0
exp559,A12,1563,0
exp570,A12,1564,0
exp571,A12,1565,0
exp577,A12,1566,0
exp520,A12,1567,0
exp523,A12,1568,0
exp542,A12,1569,0
exp543,A12,1570,0
exp551,A12,1571,0
exp553,A12,1572,0
exp519,A12,1573,0
exp521,A12,1574,0
exp528,A12,1575,0
exp532,A12,1576,0
exp537,A12,1577,0
exp514,A12,1578,0
exp522,A12,1579,0
exp527,A12,1580,0
exp536,A12,1581,0
exp549,A12,1582,0
exp516,A12,1583,0
exp550,A12,1584,0
exp515,A12,1585,0
exp525,A12,1586,0
exp529,A12,1587,0
exp533,A12,1588,0
exp534,A12,1589,0
exp540,A12,1590,0
exp546,A12,1591,0
exp548,A12,1592,0
exp508,A12,1593,0
exp510,A12,1594,0
exp531,A12,1595,0
exp544,A12,1596,0
exp496,A12,1597,0
exp498,A12,1598,0
exp500,A12,1599,0
exp501,A12,1600,0
exp507,A12,1601,0
exp509,A12,1602,0
exp512,A12,1603,0
exp494,A12,1604,0
exp495,A12,1605,0
exp499,A12,1606,0
exp506,A12,1607,0
exp477,A12,1608,0
exp478,A12,1609,0
exp480,A12,1610,0
exp483,A12,1611,0
exp484,A12,1612,0
exp485,A12,1613,0
exp491,A12,1614,0
exp502,A12,1615,0
exp503,A12,1616,0
exp466,A12,1617,0
exp468,A12,1618,0
exp469,A12,1619,0
exp475,A12,1620,0
exp481,A12,1621,0
exp482,A12,1622,0
exp457,A12,1623,0
exp459,A12,1624,0
exp462,A12,1625,0
exp463,A12,1626,0
exp464,A12,1627,0
exp470,A12,1628,0
exp472,A12,1629,0
exp473,A12,1630,0
exp449,A12,1631,0
exp450,A12,1632,0
exp451,A12,1633,0
exp452,A12,1634,0
exp453,A12,1635,0
exp455,A12,1636,0
exp456,A12,1637,0
exp458,A12,1638,0
exp460,A12,1639,0
exp461,A12,1640,0
exp465,A12,1641,0
exp435,A12,1642,0
exp439,A12,1643,0
exp442,A12,1644,0
exp444,A12,1645,0
exp445,A12,1646,0
exp425,A12,1647,0
exp434,A12,1648,0
exp437,A12,1649,0
exp438,A12,1650,0
exp443,A12,1651,0
exp446,A12,1652,0
exp419,A12,1653,0
exp421,A12,1654,0
exp423,A12,1655,0
exp426,A12,1656,0
exp427,A12,1657,0
exp428,A12,1658,0
exp430,A12,1659,0
exp432,A12,1660,0
exp406,A12,1661,0
exp407,A12,1662,0
exp408,A12,1663,0
exp409,A12,1664,0
exp411,A12,1665,0
exp416,A12,1666,0
exp418,A12,1667,0
exp422,A12,1668,0
exp398,A12,1669,0
exp404,A12,1670,0
exp405,A12,1671,0
exp410,A12,1672,0
exp412,A12,1673,0
exp414,A12,1674,0
exp391,A12,1675,0
exp393,A12,1676,0
exp395,A12,1677,0
exp399,A12,1678,0
exp401,A12,1679,0
exp385,A12,1680,0
exp388,A12,1681,0
exp389,A12,1682,0
exp396,A12,1683,0
exp400,A12,1684,0
exp371,A12,1685,0
exp377,A12,1686,0
exp378,A12,1687,0
exp379,A12,1688,0
exp381,A12,1689,0
exp382,A12,1690,0
exp390,A12,1691,0
exp360,A12,1692,0
exp361,A12,1693,0
exp368,A12,1694,0
exp373,A12,1695,0
exp375,A12,1696,0
exp376,A12,1697,0
exp383,A12,1698,0
exp362,A12,1699,0
exp363,A12,1700,0
exp364,A12,1701,0
exp365,A12,1702,0
exp366,A12,1703,0
exp367,A12,1704,0
exp369,A12,1705,0
exp355,A12,1706,0
exp351,A12,1707,0
exp358,A12,1708,0
exp347,A12,1709,0
exp353,A12,1710,0
exp333,A12,1711,0
exp335,A12,1712,0
exp336,A12,1713,0
exp338,A12,1714,0
exp340,A12,1715,0
exp341,A12,1716,0
exp343,A12,1717,0
exp348,A12,1718,0
exp318,A12,1719,0
exp327,A12,1720,0
exp329,A12,1721,0
exp334,A12,1722,0
exp337,A12,1723,0
exp344,A12,1724,0
exp345,A12,1725,0
exp349,A12,1726,0
exp320,A12,1727,0
exp321,A12,1728,0
exp322,A12,1729,0
exp323,A12,1730,0
exp325,A12,1731,0
exp308,A12,1732,0
exp309,A12,1733,0
exp314,A12,1734,0
exp317,A12,1735,0
exp319,A12,1736,0
exp324,A12,1737,0
exp326,A12,1738,0
exp328,A12,1739,0
exp331,A12,1740,0
exp310,A12,1741,0
exp311,A12,1742,0
exp312,A12,1743,0
exp313,A12,1744,0
exp315,A12,1745,0
exp316,A12,1746,0
exp293,A12,1747,0
exp294,A12,1748,0
exp300,A12,1749,0
exp303,A12,1750,0
exp304,A12,1751,0
exp305,A12,1752,0
exp307,A12,1753,0
exp289,A12,1754,0
exp291,A12,1755,0
exp292,A12,1756,0
exp295,A12,1757,0
exp297,A12,1758,0
exp302,A12,1759,0
exp276,A12,1760,0
exp281,A12,1761,0
exp286,A12,1762,0
exp296,A12,1763,0
exp299,A12,1764,0
exp275,A12,1765,0
exp277,A12,1766,0
exp278,A12,1767,0
exp280,A12,1768,0
exp284,A12,1769,0
exp288,A12,1770,0
exp290,A12,1771,0
exp269,A12,1772,0
exp283,A12,1773,0
exp259,A12,1774,0
exp266,A12,1775,0
exp267,A12,1776,0
exp245,A12,1777,0
exp252,A12,1778,0
exp253,A12,1779,0
exp254,A12,1780,0
exp257,A12,1781,0
exp263,A12,1782,0
exp244,A12,1783,0
exp248,A12,1784,0
exp249,A12,1785,0
exp255,A12,1786,0
exp256,A12,1787,0
exp231,A12,1788,0
exp233,A12,1789,0
exp237,A12,1790,0
exp239,A12,1791,0
exp241,A12,1792,0
exp246,A12,1793,0
exp229,A12,1794,0
exp234,A12,1795,0
exp235,A12,1796,0
exp236,A12,1797,0
exp238,A12,1798,0
exp218,A12,1799,0
exp223,A12,1800,0
exp226,A12,1801,0
exp230,A12,1802,0
exp215,A12,1803,0
exp216,A12,1804,0
exp227,A12,1805,0
exp213,A12,1806,0
exp214,A12,1807,0
exp217,A12,1808,0
exp225,A12,1809,0
exp201,A12,1810,0
exp202,A12,1811,0
exp207,A12,1812,0
exp210,A12,1813,0
exp211,A12,1814,0
exp193,A12,1815,0
exp198,A12,1816,0
exp203,A12,1817,0
exp204,A12,1818,0
exp205,A12,1819,0
exp209,A12,1820,0
exp212,A12,1821,0
exp189,A12,1822,0
exp191,A12,1823,0
exp192,A12,1824,0
exp194,A12,1825,0
exp199,A12,1826,0
exp178,A12,1827,0
exp179,A12,1828,0
exp182,A12,1829,0
exp183,A12,1830,0
exp187,A12,1831,0
exp168,A12,1832,0
exp181,A12,1833,0
exp170,A12,1834,0
exp175,A12,1835,0
exp176,A12,1836,0
exp172,A12,1837,0
exp173,A12,1838,0
exp177,A12,1839,0
exp164,A12,1840,0
exp154,A12,1841,0
exp156,A12,1842,0
exp157,A12,1843,0
exp158,A12,1844,0
exp160,A12,1845,0
exp161,A12,1846,0
exp162,A12,1847,0
exp165,A12,1848,0
exp139,A12,1849,0
exp140,A12,1850,0
exp144,A12,1851,0
exp148,A12,1852,0
exp138,A12,1853,0
exp146,A12,1854,0
exp153,A12,1855,0
exp123,A12,1856,0
exp128,A12,1857,0
exp129,A12,1858,0
exp132,A12,1859,0
exp135,A12,1860,0
exp136,A12,1861,0
exp137,A12,1862,0
exp145,A12,1863,0
exp111,A12,1864,0
exp113,A12,1865,0
exp116,A12,1866,0
exp121,A12,1867,0
exp122,A12,1868,0
exp126,A12,1869,0
exp127,A12,1870,0
exp134,A12,1871,0
exp106,A12,1872,0
exp110,A12,1873,0
exp114,A12,1874,0
exp115,A12,1875,0
exp124,A12,1876,0
exp93,A12,1877,0
exp104,A12,1878,0
exp117,A12,1879,0
exp125,A12,1880,0
exp92,A12,1881,0
exp96,A12,1882,0
exp97,A12,1883,0
exp98,A12,1884,0
exp100,A12,1885,0
exp101,A12,1886,0
exp81,A12,1887,0
exp86,A12,1888,0
exp90,A12,1889,0
exp91,A12,1890,0
exp95,A12,1891,0
exp78,A12,1892,0
exp83,A12,1893,0
exp88,A12,1894,0
exp89,A12,1895,0
exp68,A12,1896,0
exp71,A12,1897,0
exp77,A12,1898,0
exp63,A12,1899,0
exp64,A12,1900,0
exp67,A12,1901,0
exp69,A12,1902,0
exp70,A12,1903,0
exp58,A12,1904,0
exp61,A12,1905,0
exp62,A12,1906,0
exp65,A12,1907,0
exp72,A12,1908,0
exp73,A12,1909,0
exp56,A12,1910,0
exp57,A12,1911,0
exp59,A12,1912,0
exp46,A12,1913,0
exp55,A12,1914,0
exp36,A12,1915,0
exp40,A12,1916,0
exp43,A12,1917,0
exp44,A12,1918,0
exp33,A12,1919,0
exp41,A12,1920,0
exp42,A12,1921,0
exp45,A12,1922,0
exp21,A12,1923,0
exp31,A12,1924,0
exp35,A12,1925,0
exp38,A12,1926,0
exp19,A12,1927,0
exp30,A12,1928,0
exp13,A12,1929,0
exp14,A12,1930,0
exp22,A12,1931,0
exp23,A12,1932,0
exp25,A12,1933,0
exp27,A12,1934,0
exp28,A12,1935,0
exp7,A12,1936,0
exp15,A12,1937,0
exp16,A12,1938,0
exp18,A12,1939,0
exp4,A12,1940,0
exp5,A12,1941,0
exp9,A12,1942,0
exp11,A12,1943,0
exp3,A12,1944,0
exp6,A12,1945,0
exp8,A12,1946,0
exp1,A12,1947,0
exp10,A12,1948,0
exp1836,A2,1,0
exp1835,A2,2,0
exp1829,A2,3,0
exp1827,A2,4,0
exp1826,A2,5,0
exp1824,A2,6,0
exp1822,A2,7,0
exp1819,A2,8,0
exp1818,A2,9,0
exp1817,A2,10,0
exp1811,A2,11,0
exp1808,A2,12,0
exp1805,A2,13,0
exp1803,A2,14,0
exp1802,A2,15,0
exp1801,A2,16,0
exp1800,A2,17,0
exp1799,A2,18,0
exp1796,A2,19,0
exp1795,A2,20,0
exp1794,A2,21,0
exp1792,A2,22,0
exp1789,A2,23,0
exp1788,A2,24,0
exp1787,A2,25,0
exp1785,A2,26,0
exp1784,A2,27,0
exp1782,A2,28,0
exp1780,A2,29,0
exp1778,A2,30,0
exp1777,A2,31,0
exp1776,A2,32,0
exp1774,A2,33,0
exp1772,A2,34,0
exp1770,A2,35,0
exp1769,A2,36,0
exp1768,A2,37,0
exp1762,A2,38,0
exp1761,A2,39,0
exp1759,A2,40,0
exp1756,A2,41,0
exp1754,A2,42,0
exp1753,A2,43,0
exp1752,A2,44,0
exp1747,A2,45,0
exp1746,A2,46,0
exp1745,A2,47,0
exp1742,A2,48,0
exp1741,A2,49,0
exp1740,A2,50,0
exp1739,A2,51,0
exp1738,A2,52,0
exp1737,A2,53,0
exp1736,A2,54,0
exp1735,A2,55,0
exp1734,A2,56,0
exp1733,A2,57,0
exp1731,A2,58,0
exp1730,A2,59,0
exp1729,A2,60,0
exp1726,A2,61,0
exp1725,A2,62,0
exp1724,A2,63,0
exp1723,A2,64,0
exp1719,A2,65,0
exp1718,A2,66,0
exp1713,A2,67,0
exp1711,A2,68,0
exp1709,A2,69,0
exp1706,A2,70,0
exp1705,A2,71,0
exp1704,A2,72,0
exp1702,A2,73,0
exp1701,A2,74,0
exp1700,A2,75,0
exp1699,A2,76,0
exp1697,A2,77,0
exp1696,A2,78,0
exp1695,A2,79,0
exp1694,A2,80,0
exp1693,A2,81,0
exp1685,A2,82,0
exp1683,A2,83,0
exp1681,A2,84,0
exp1676,A2,85,0
exp1674,A2,86,0
exp1673,A2,87,0
exp1672,A2,88,0
exp1671,A2,89,0
exp1670,A2,90,0
exp1668,A2,91,0
exp1667,A2,92,0
exp1665,A2,93,0
exp1663,A2,94,0
exp1661,A2,95,0
exp1660,A2,96,0
exp1659,A2,97,0
exp1658,A2,98,0
exp1656,A2,99,0
exp1654,A2,100,0
exp1653,A2,101,0
exp1652,A2,102,0
exp1651,A2,103,0
exp1649,A2,104,0
exp1646,A2,105,0
exp1643,A2,106,0
exp1642,A2,107,0
exp1641,A2,108,0
exp1639,A2,109,0
exp1638,A2,110,0
exp1637,A2,111,0
exp1635,A2,112,0
exp1633,A2,113,0
exp1632,A2,114,0
exp1631,A2,115,0
exp1628,A2,116,0
exp1627,A2,117,0
exp1626,A2,118,0
exp1624,A2,119,0
exp1623,A2,120,0
exp1622,A2,121,0
exp1619,A2,122,0
exp1618,A2,123,0
exp1617,A2,124,0
exp1616,A2,125,0
exp1614,A2,126,0
exp1613,A2,127,0
exp1611,A2,128,0
exp1610,A2,129,0
exp1608,A2,130,0
exp1607,A2,131,0
exp1606,A2,132,0
exp1605,A2,133,0
exp1602,A2,134,0
exp1601,A2,135,0
exp1598,A2,136,0
exp1596,A2,137,0
exp1595,A2,138,0
exp1594,A2,139,0
exp1593,A2,140,0
exp1591,A2,141,0
exp1589,A2,142,0
exp1588,A2,143,0
exp1586,A2,144,0
exp1583,A2,145,0
exp1577,A2,146,0
exp1576,A2,147,0
exp1574,A2,148,0
exp1573,A2,149,0
exp1572,A2,150,0
exp1571,A2,151,0
exp1570,A2,152,0
exp1569,A2,153,0
exp1568,A2,154,0
exp1567,A2,155,0
exp1565,A2,156,0
exp1562,A2,157,0
exp1561,A2,158,0
exp1559,A2,159,0
exp1557,A2,160,0
exp1556,A2,161,0
exp1555,A2,162,0
exp1554,A2,163,0
exp1549,A2,164,0
exp1547,A2,165,0
exp1544,A2,166,0
exp1541,A2,167,0
exp1537,A2,168,0
exp1536,A2,169,0
exp1532,A2,170,0
exp1531,A2,171,0
exp1530,A2,172,0
exp1529,A2,173,0
exp1528,A2,174,0
exp1526,A2,175,0
exp1525,A2,176,0
exp1523,A2,177,0
exp2296,A2,178,0
exp2306,A2,179,0
exp2347,A2,180,0
exp2360,A2,181,0
exp2375,A2,182,0
exp2378,A2,183,0
exp2380,A2,184,0
,A2,185,0
exp2421,A2,186,0
exp2426,A2,187,0
exp2431,A2,188,0
exp2432,A2,189,0
exp2435,A2,190,0
exp2448,A2,191,0
exp2449,A2,192,0
exp2462,A2,194,0
exp2463,A2,195,0
exp2464,A2,196,0
exp2465,A2,197,0
exp2471,A2,198,0
exp2472,A2,199,0
exp2475,A2,200,0
exp2476,A2,201,0
exp2488,A2,202,0
exp2491,A2,203,0
exp2492,A2,204,0
exp2493,A2,205,0
exp2495,A2,206,0
exp2500,A2,207,0
exp2501,A2,208,0
exp2510,A2,209,0
exp2511,A2,210,0
exp2512,A2,211,0
exp2513,A2,212,0
exp2519,A2,213,0
exp2522,A2,214,0
exp2523,A2,215,0
exp2524,A2,216,0
exp2528,A2,217,0
exp2529,A2,218,0
exp2530,A2,219,0
exp2531,A2,220,0
exp2532,A2,221,0
exp2533,A2,222,0
exp2534,A2,223,0
exp2535,A2,224,0
exp2536,A2,225,0
exp2537,A2,226,0
exp2538,A2,227,0
exp2539,A2,228,0
exp2540,A2,229,0
exp2541,A2,230,0
exp2542,A2,231,0
exp2543,A2,232,0
exp2544,A2,233,0
exp2545,A2,234,0
exp2546,A2,235,0
exp2547,A2,236,0
exp2548,A2,237,0
exp2549,A2,238,0
exp2550,A2,239,0
exp2551,A2,240,0
exp2552,A2,241,0
exp2553,A2,242,0
exp2554,A2,243,0
exp2555,A2,244,0
exp2556,A2,245,0
exp2557,A2,246,0
exp2558,A2,247,0
exp2559,A2,248,0
exp2560,A2,249,0
exp2561,A2,250,0
exp2562,A2,251,0
exp2563,A2,252,0
exp2564,A2,253,0
exp2565,A2,254,0
exp2566,A2,255,0
exp2567,A2,256,0
exp2568,A2,257,0
exp2569,A2,258,0
exp2570,A2,259,0
exp2571,A2,260,0
exp2572,A2,261,0
exp2573,A2,262,0
exp2574,A2,263,0
exp2575,A2,264,0
exp2576,A2,265,0
exp2577,A2,266,0
exp2578,A2,267,0
exp2579,A2,268,0
exp2580,A2,269,0
exp2581,A2,270,0
exp2582,A2,271,0
exp2583,A2,272,0
exp2584,A2,273,0
exp2585,A2,274,0
exp2586,A2,275,0
exp2587,A2,276,0
exp2588,A2,277,0
exp2589,A2,278,0
exp2590,A2,279,0
exp2592,A2,280,0
exp2593,A2,281,0
exp2594,A2,282,0
exp2595,A2,283,0
exp2596,A2,284,0
exp2597,A2,285,0
exp2598,A2,286,0
exp2599,A2,287,0
exp2600,A2,288,0
exp2601,A2,289,0
exp2602,A2,290,0
exp2603,A2,291,0
exp2604,A2,292,0
exp2605,A2,293,0
exp2606,A2,294,0
exp2607,A2,295,0
exp2608,A2,296,0
exp2609,A2,297,0
exp2610,A2,298,0
exp2611,A2,299,0
exp2612,A2,300,0
exp2613,A2,301,0
exp2614,A2,302,0
exp2615,A2,303,0
exp2616,A2,304,0
exp2617,A2,305,0
exp2618,A2,306,0
exp2619,A2,307,0
exp2620,A2,308,0
exp2621,A2,309,0
exp2622,A2,310,0
exp2623,A2,311,0
exp2624,A2,312,0
exp2625,A2,313,0
exp2626,A2,314,0
exp2627,A2,315,0
exp2628,A2,316,0
exp2629,A2,317,0
exp2630,A2,318,0
exp2631,A2,319,0
exp2632,A2,320,0
exp2633,A2,321,0
exp2634,A2,322,0
exp2635,A2,323,0
exp2636,A2,324,0
exp2637,A2,325,0
exp2639,A2,326,0
exp2640,A2,327,0
exp2641,A2,328,0
exp2642,A2,329,0
exp2643,A2,330,0
exp2644,A2,331,0
exp2645,A2,332,0
exp2646,A2,333,0
exp2647,A2,334,0
exp2648,A2,335,0
exp2649,A2,336,0
exp2650,A2,337,0
exp2651,A2,338,0
exp2652,A2,339,0
exp2653,A2,340,0
exp2654,A2,341,0
exp2655,A2,342,0
exp2656,A2,343,0
exp2657,A2,344,0
exp2658,A2,345,0
exp2659,A2,346,0
exp2661,A2,347,0
exp2662,A2,348,0
exp2663,A2,349,0
exp2664,A2,350,0
exp2665,A2,351,0
exp2666,A2,352,0
exp2667,A2,353,0
exp2668,A2,354,0
exp2669,A2,355,0
exp2670,A2,356,0
exp2671,A2,357,0
exp2672,A2,358,0
exp2673,A2,359,0
exp2674,A2,360,0
exp2675,A2,361,0
exp2676,A2,362,0
exp2677,A2,363,0
exp2678,A2,364,0
exp2679,A2,365,0
exp2680,A2,366,0
exp2681,A2,367,0
exp2682,A2,368,0
exp2683,A2,369,0
exp2684,A2,370,0
exp2685,A2,371,0
exp2686,A2,372,0
exp2687,A2,373,0
exp2688,A2,374,0
exp2689,A2,375,0
exp2690,A2,376,0
exp2691,A2,377,0
exp2692,A2,378,0
exp2693,A2,379,0
exp2694,A2,380,0
exp2695,A2,381,0
exp2696,A2,382,0
exp2697,A2,383,0
exp2698,A2,384,0
exp2699,A2,385,0
exp2700,A2,386,0
exp2701,A2,387,0
exp2702,A2,388,0
exp2703,A2,389,0
exp2704,A2,390,0
exp2705,A2,391,0
exp2706,A2,392,0
exp2707,A2,393,0
exp2708,A2,394,0
exp2709,A2,395,0
exp2710,A2,396,0
exp2711,A2,397,0
exp2712,A2,398,0
exp2713,A2,399,0
exp2714,A2,400,0
exp2715,A2,401,0
exp2716,A2,402,0
exp2717,A2,403,0
exp2718,A2,404,0
exp2719,A2,405,0
exp2720,A2,406,0
exp2721,A2,407,0
exp2722,A2,408,0
exp2723,A2,409,0
exp2724,A2,410,0
exp2725,A2,411,0
exp2726,A2,412,0
exp2727,A2,413,0
exp2728,A2,414,0
exp2729,A2,415,0
exp2730,A2,416,0
exp2731,A2,417,0
exp2732,A2,418,0
exp2733,A2,419,0
exp2734,A2,420,0
exp2735,A2,421,0
exp2736,A2,422,0
exp2737,A2,423,0
exp2738,A2,424,0
exp2739,A2,425,0
exp2740,A2,426,0
exp2741,A2,427,0
exp2742,A2,428,0
exp2743,A2,429,0
exp2744,A2,430,0
exp2745,A2,431,0
exp2746,A2,432,0
exp2747,A2,433,0
exp2748,A2,434,0
exp2749,A2,435,0
exp2750,A2,436,0
exp2751,A2,437,0
exp2752,A2,438,0
exp2753,A2,439,0
exp2754,A2,440,0
exp2755,A2,441,0
exp2756,A2,442,0
exp2757,A2,443,0
exp2758,A2,444,0
exp2759,A2,445,0
exp2760,A2,446,0
exp2761,A2,447,0
exp2762,A2,448,0
exp2763,A2,449,0
exp2764,A2,450,0
exp2765,A2,451,0
exp2766,A2,452,0
exp2767,A2,453,0
exp2768,A2,454,0
exp2769,A2,455,0
exp2770,A2,456,0
exp2771,A2,457,0
exp2772,A2,458,1
exp2773,A2,459,0
exp2774,A2,460,1
exp2775,A2,461,0
exp2776,A2,462,0
exp2777,A2,463,0
exp2778,A2,464,0
exp2779,A2,465,0
exp2780,A2,466,0
exp2781,A2,467,0
exp2782,A2,468,0
exp2783,A2,469,0
exp2784,A2,470,1
exp2785,A2,471,1
exp2786,A2,472,0
exp2787,A2,473,0
exp2788,A2,474,0
exp2789,A2,475,1
exp2790,A2,476,0
exp2791,A2,477,0
exp2792,A2,478,0
exp2793,A2,479,1
exp2794,A2,480,1
exp2795,A2,481,1
exp2796,A2,482,0
exp2797,A2,483,0
exp2798,A2,484,0
exp2799,A2,485,0
exp2800,A2,486,0
exp2801,A2,487,0
exp2802,A2,488,1
exp2803,A2,489,1
exp2804,A2,490,0
exp2805,A2,491,0
exp2806,A2,492,0
exp2807,A2,493,1
exp2808,A2,494,0
exp2809,A2,495,0
exp2810,A2,496,0
exp2811,A2,497,0
exp2812,A2,498,1
exp2813,A2,499,0
exp2814,A2,500,0
exp2815,A2,501,0
exp2816,A2,502,0
exp2817,A2,503,0
exp2818,A2,504,1
exp2820,A2,505,0
exp2821,A2,506,0
exp2822,A2,507,0
exp2823,A2,508,0
exp2824,A2,509,0
exp2825,A2,510,0
exp2827,A2,511,0
exp2828,A2,512,0
exp2829,A2,513,1
exp2830,A2,514,1
exp2831,A2,515,0
exp2832,A2,516,0
exp2833,A2,517,1
exp2834,A2,518,1
exp2835,A2,519,0
exp2836,A2,520,0
exp2837,A2,521,0
exp2838,A2,522,0
exp2839,A2,523,0
exp2840,A2,524,0
exp2841,A2,525,0
exp2842,A2,526,0
exp2843,A2,527,0
exp2844,A2,528,0
exp2845,A2,529,0
exp2846,A2,530,0
exp2847,A2,531,0
exp2848,A2,532,1
exp2849,A2,533,1
exp2850,A2,534,1
exp2851,A2,535,0
exp2852,A2,536,0
exp2853,A2,537,0
exp2854,A2,538,0
exp2855,A2,539,0
exp2856,A2,540,1
exp2857,A2,541,0
exp2858,A2,542,0
exp2859,A2,543,1
exp2860,A2,544,0
exp2861,A2,545,0
exp2862,A2,546,1
exp2863,A2,547,1
exp2864,A2,548,1
exp2865,A2,549,0
exp2866,A2,550,0
exp2867,A2,551,0
exp2868,A2,552,1
exp2869,A2,553,1
exp2870,A2,554,0
exp2871,A2,555,0
exp2872,A2,556,0
exp2873,A2,557,0
exp2874,A2,558,1
exp2875,A2,559,0
exp2876,A2,560,0
exp2877,A2,561,0
exp2878,A2,562,0
exp2879,A2,563,0
exp2880,A2,564,0
exp2881,A2,565,0
exp2882,A2,566,0
exp2883,A2,567,0
exp2884,A2,568,1
exp2885,A2,569,0
exp2886,A2,570,0
exp2887,A2,571,0
exp2888,A2,572,0
exp2889,A2,573,0
exp2890,A2,574,0
exp2891,A2,575,1
exp2892,A2,576,1
exp2893,A2,577,0
exp2894,A2,578,0
exp2895,A2,579,0
exp2896,A2,580,0
exp2897,A2,581,1
exp2898,A2,582,0
exp2899,A2,583,0
exp2900,A2,584,0
exp2901,A2,585,0
exp2902,A2,586,0
exp2903,A2,587,0
exp2904,A2,588,0
exp2905,A2,589,1
exp2906,A2,590,0
exp2907,A2,591,0
exp2908,A2,592,0
exp2909,A2,593,0
exp2910,A2,594,0
exp2911,A2,595,0
exp2912,A2,596,1
exp2913,A2,597,1
exp2914,A2,598,0
exp2915,A2,599,1
exp2916,A2,600,1
exp2917,A2,601,1
exp2918,A2,602,1
exp2919,A2,603,0
exp2920,A2,604,0
exp2921,A2,605,0
exp2922,A2,606,0
exp2923,A2,607,0
exp2924,A2,608,0
exp2925,A2,609,0
exp2926,A2,610,0
exp2927,A2,611,0
exp2928,A2,612,1
exp2929,A2,613,0
exp2930,A2,614,1
exp2931,A2,615,0
exp2932,A2,616,1
exp2933,A2,617,0
exp2934,A2,618,0
exp2935,A2,619,0
exp2936,A2,620,0
exp2937,A2,621,0
exp2938,A2,622,0
exp2939,A2,623,1
exp2940,A2,624,0
exp2941,A2,625,0
exp2942,A2,626,0
exp2943,A2,627,1
exp2944,A2,628,0
exp2945,A2,629,0
exp2946,A2,630,0
exp2947,A2,631,1
exp2948,A2,632,0
exp2949,A2,633,0
exp2950,A2,634,0
exp2951,A2,635,0
exp2952,A2,636,0
exp2953,A2,637,1
exp2954,A2,638,0
exp2955,A2,639,0
exp2956,A2,640,0
exp2957,A2,641,0
exp2958,A2,642,1
exp2959,A2,643,0
exp2960,A2,644,0
exp2961,A2,645,0
exp2962,A2,646,0
exp2963,A2,647,0
exp2964,A2,648,1
exp2965,A2,649,0
exp2966,A2,650,0
exp2967,A2,651,1
exp2968,A2,652,1
exp2969,A2,653,0
exp2970,A2,654,1
exp2971,A2,655,0
exp2972,A2,656,1
exp2973,A2,657,1
exp2974,A2,658,1
exp2975,A2,659,0
exp2976,A2,660,0
exp2977,A2,661,0
exp2978,A2,662,1
exp2979,A2,663,0
exp2980,A2,664,1
exp2981,A2,665,1
exp2982,A2,666,0
exp2983,A2,667,1
exp2984,A2,668,0
exp2985,A2,669,0
exp2986,A2,670,0
exp2987,A2,671,0
exp2988,A2,672,0
exp2989,A2,673,0
exp2990,A2,674,1
exp2991,A2,675,0
exp2992,A2,676,0
exp2993,A2,677,0
exp2994,A2,678,0
exp2995,A2,679,0
exp2996,A2,680,0
exp2997,A2,681,1
exp2998,A2,682,0
exp2999,A2,683,0
exp3000,A2,684,0
exp3001,A2,685,0
exp3002,A2,686,0
exp3003,A2,687,0
exp3004,A2,688,0
exp3005,A2,689,0
exp3006,A2,690,0
exp3007,A2,691,1
exp3008,A2,692,0
exp3009,A2,693,1
exp3010,A2,694,1
exp3011,A2,695,1
exp3012,A2,696,0
exp3013,A2,697,0
exp3014,A2,698,0
exp3015,A2,699,0
exp3016,A2,700,0
exp3017,A2,701,0
exp3018,A2,702,0
exp3019,A2,703,0
exp3020,A2,704,0
exp3021,A2,705,0
exp3022,A2,706,0
exp3023,A2,707,0
exp3024,A2,708,0
exp3025,A2,709,0
exp3026,A2,710,0
exp3027,A2,711,0
exp3028,A2,712,0
exp3029,A2,713,0
exp3030,A2,714,0
exp3031,A2,715,0
exp3033,A2,716,0
exp3034,A2,717,0
exp3035,A2,718,0
exp3036,A2,719,0
exp3037,A2,720,0
exp3038,A2,721,0
exp3039,A2,722,0
exp3040,A2,723,0
exp3041,A2,724,0
exp3042,A2,725,0
exp3043,A2,726,0
exp3044,A2,727,0
exp3045,A2,728,0
exp3046,A2,729,0
exp3047,A2,730,0
exp3048,A2,731,0
exp3049,A2,732,0
exp3050,A2,733,0
exp3051,A2,734,0
exp3052,A2,735,0
exp3053,A2,736,0
exp3054,A2,737,0
exp3055,A2,738,0
exp3056,A2,739,0
exp3057,A2,740,0
exp3058,A2,741,0
exp3059,A2,742,0
exp3060,A2,743,0
exp3061,A2,744,0
exp3062,A2,745,0
exp3063,A2,746,0
exp3064,A2,747,0
exp3065,A2,748,0
exp3066,A2,749,0
exp3067,A2,750,0
exp3068,A2,751,0
exp3069,A2,752,0
exp3070,A2,753,0
exp3071,A2,754,0
exp3072,A2,755,0
exp3073,A2,756,0
exp3074,A2,757,0
exp3075,A2,758,0
exp3076,A2,759,0
exp3077,A2,760,0
exp3078,A2,761,0
exp3079,A2,762,0
exp3080,A2,763,0
exp3081,A2,764,0
exp3082,A2,765,0
exp3083,A2,766,0
exp3084,A2,767,0
exp3085,A2,768,0
exp3086,A2,769,0
exp3087,A2,770,0
exp3088,A2,771,0
exp3089,A2,772,0
exp3090,A2,773,0
exp3091,A2,774,0
exp3092,A2,775,0
exp3093,A2,776,0
exp3094,A2,777,0
exp3095,A2,778,0
exp3096,A2,779,0
exp3097,A2,780,0
exp3098,A2,781,0
exp3100,A2,782,0
exp3101,A2,783,0
exp3102,A2,784,0
exp3103,A2,785,0
exp3104,A2,786,0
exp3105,A2,787,0
exp3106,A2,788,0
exp3107,A2,789,0
exp3108,A2,790,0
exp3109,A2,791,0
exp3110,A2,792,0
exp3111,A2,793,0
exp3112,A2,794,0
exp3114,A2,795,0
exp3115,A2,796,0
exp3116,A2,797,0
exp3117,A2,798,0
exp3118,A2,799,0
exp3119,A2,800,0
exp3120,A2,801,0
exp3121,A2,802,0
exp3122,A2,803,0
exp3123,A2,804,0
exp3124,A2,805,0
exp3125,A2,806,0
exp3126,A2,807,0
exp3127,A2,808,0
exp3128,A2,809,0
exp3129,A2,810,0
exp3130,A2,811,0
exp3131,A2,812,0
exp3132,A2,813,0
exp3133,A2,814,0
exp3134,A2,815,0
exp3135,A2,816,0
exp3136,A2,817,0
exp3137,A2,818,0
exp3138,A2,819,0
exp3139,A2,820,0
exp3140,A2,821,0
exp3141,A2,822,0
exp3142,A2,823,0
exp3143,A2,824,0
exp3144,A2,825,0
exp3145,A2,826,0
exp3146,A2,827,0
exp3147,A2,828,0
exp3148,A2,829,0
exp3149,A2,830,0
exp3151,A2,831,0
exp3150,A2,832,0
exp3152,A2,833,0
exp3153,A2,834,0
exp3154,A2,835,0
exp3155,A2,836,0
exp3156,A2,837,0
exp3157,A2,838,0
exp3158,A2,839,0
exp3159,A2,840,0
exp3160,A2,841,0
exp3161,A2,842,0
exp3162,A2,843,0
exp3163,A2,844,0
exp3164,A2,845,0
exp3165,A2,846,0
exp3166,A2,847,0
exp3167,A2,848,0
exp3168,A2,849,0
exp3169,A2,850,0
exp3170,A2,851,0
exp3171,A2,852,0
exp3172,A2,853,0
exp3173,A2,854,0
exp3174,A2,855,0
exp3175,A2,856,0
exp3176,A2,857,0
exp3177,A2,858,0
exp3178,A2,859,0
exp3179,A2,860,0
exp3180,A2,861,0
exp3181,A2,862,0
exp3182,A2,863,0
exp3183,A2,864,0
exp3184,A2,865,0
exp3185,A2,866,0
exp3186,A2,867,0
exp3187,A2,868,0
exp3188,A2,869,0
exp3189,A2,870,0
exp3190,A2,871,0
exp3192,A2,872,0
exp3193,A2,873,0
exp3194,A2,874,0
exp3195,A2,875,0
exp3196,A2,876,0
exp3197,A2,877,0
exp3198,A2,878,0
exp3199,A2,879,0
exp3200,A2,880,0
exp3201,A2,881,0
exp3202,A2,882,0
exp3203,A2,883,0
exp3204,A2,884,0
exp3205,A2,885,0
exp3206,A2,886,0
exp3207,A2,887,0
exp3208,A2,888,0
exp3209,A2,889,0
exp3210,A2,890,0
exp3211,A2,891,0
exp3212,A2,892,0
exp3213,A2,893,0
exp3214,A2,894,0
exp3215,A2,895,0
exp3216,A2,896,0
exp3217,A2,897,0
exp3218,A2,898,0
exp3219,A2,899,0
exp3220,A2,900,0
exp3221,A2,901,0
exp3222,A2,902,0
exp3223,A2,903,0
exp3224,A2,904,0
exp3225,A2,905,0
exp3226,A2,906,0
exp3227,A2,907,0
exp3228,A2,908,0
exp3229,A2,909,0
exp3230,A2,910,0
exp3231,A2,911,0
exp3232,A2,912,0
exp3233,A2,913,0
exp3234,A2,914,0
exp3235,A2,915,0
exp3236,A2,916,0
exp3237,A2,917,0
exp3238,A2,918,0
exp3239,A2,919,0
exp3240,A2,920,0
exp3241,A2,921,0
exp3242,A2,922,0
exp3243,A2,923,0
exp3244,A2,924,0
exp3245,A2,925,0
exp3246,A2,926,0
exp3247,A2,927,0
exp3248,A2,928,0
exp3249,A2,929,0
exp3250,A2,930,0
exp3251,A2,931,0
exp3252,A2,932,0
exp3253,A2,933,0
exp3254,A2,934,0
exp3255,A2,935,0
exp3256,A2,936,0
exp3257,A2,937,0
exp3258,A2,938,0
exp3259,A2,939,0
exp3260,A2,940,0
exp3261,A2,941,0
exp3262,A2,942,0
exp3263,A2,943,0
exp3264,A2,944,0
exp3265,A2,945,0
exp3266,A2,946,0
exp3267,A2,947,0
exp3268,A2,948,0
exp3269,A2,949,0
exp3270,A2,950,0
exp3271,A2,951,0
exp3272,A2,952,0
exp3273,A2,953,0
exp3274,A2,954,0
exp3275,A2,955,0
exp3276,A2,956,0
exp3277,A2,957,0
exp3278,A2,958,0
exp3279,A2,959,0
exp3280,A2,960,0
exp3281,A2,961,0
exp3282,A2,962,0
exp3283,A2,963,0
exp3284,A2,964,0
exp3285,A2,965,0
exp3286,A2,966,0
exp3287,A2,967,0
exp3288,A2,968,0
exp3289,A2,969,0
exp3290,A2,970,0
exp3291,A2,971,0
exp3292,A2,972,0
exp3293,A2,973,0
exp3294,A2,974,0
exp3295,A2,975,0
exp3296,A2,976,0
exp3297,A2,977,0
exp3298,A2,978,0
exp3299,A2,979,0
exp3300,A2,980,0
exp3301,A2,981,0
exp3302,A2,982,0
exp3303,A2,983,0
exp3304,A2,984,0
exp3305,A2,985,0
exp3306,A2,986,0
exp3307,A2,987,0
exp3308,A2,988,0
exp3309,A2,989,0
exp3310,A2,990,0
exp3311,A2,991,0
exp3312,A2,992,0
exp3313,A2,993,0
exp3314,A2,994,0
exp3315,A2,995,0
exp3316,A2,996,0
exp3317,A2,997,0
exp3318,A2,998,0
exp3319,A2,999,0
exp3320,A2,1000,0
exp3321,A2,1001,0
exp3322,A2,1002,0
exp3323,A2,1003,0
exp3324,A2,1004,0
exp3325,A2,1005,0
exp3326,A2,1006,0
exp3327,A2,1007,0
exp3328,A2,1008,0
exp3329,A2,1009,0
exp3330,A2,1010,0
exp3331,A2,1011,0
exp3332,A2,1012,0
exp3333,A2,1013,0
exp3334,A2,1014,0
exp3335,A2,1015,0
exp3336,A2,1016,0
exp3337,A2,1017,0
exp3338,A2,1018,0
exp3339,A2,1019,0
exp3340,A2,1020,0
exp3341,A2,1021,0
exp3342,A2,1022,0
exp3343,A2,1023,0
exp3344,A2,1024,0
exp3345,A2,1025,0
exp3346,A2,1026,0
exp3347,A2,1027,0
exp3348,A2,1028,0
exp3349,A2,1029,0
exp3350,A2,1030,0
exp3351,A2,1031,0
exp3352,A2,1032,0
exp3353,A2,1033,0
exp3354,A2,1034,0
exp3355,A2,1035,0
exp3356,A2,1036,0
exp3357,A2,1037,0
exp3358,A2,1038,0
exp3359,A2,1039,0
exp3360,A2,1040,0
exp3361,A2,1041,0
exp3362,A2,1042,0
exp3363,A2,1043,0
exp3364,A2,1044,0
exp3365,A2,1045,0
exp3366,A2,1046,0
exp3367,A2,1047,0
exp3368,A2,1048,0
exp3369,A2,1049,0
exp3370,A2,1050,0
exp3371,A2,1051,0
exp3372,A2,1052,0
exp3373,A2,1053,0
exp3374,A2,1054,0
exp3375,A2,1055,0
exp3376,A2,1056,0
exp3377,A2,1057,0
exp3378,A2,1058,0
exp3379,A2,1059,0
exp3380,A2,1060,0
exp3381,A2,1061,0
exp3382,A2,1062,0
exp3383,A2,1063,0
exp3384,A2,1064,0
exp3385,A2,1065,0
exp3386,A2,1066,0
exp3387,A2,1067,0
exp3388,A2,1068,0
exp3389,A2,1069,0
exp3390,A2,1070,0
exp3391,A2,1071,0
exp3392,A2,1072,0
exp3393,A2,1073,0
exp3394,A2,1074,0
exp3395,A2,1075,0
exp3396,A2,1076,0
exp3397,A2,1077,0
exp3398,A2,1078,0
exp3399,A2,1079,0
exp3400,A2,1080,0
exp3401,A2,1081,0
exp3402,A2,1082,0
exp3403,A2,1083,0
exp3404,A2,1084,0
exp3405,A2,1085,0
exp3406,A2,1086,0
exp3407,A2,1087,0
exp3408,A2,1088,0
exp3409,A2,1089,0
exp3410,A2,1090,0
exp3411,A2,1091,0
exp3412,A2,1092,0
exp3413,A2,1093,0
exp3414,A2,1094,0
exp3415,A2,1095,0
exp3416,A2,1096,0
exp3417,A2,1097,0
exp3418,A2,1098,0
exp3419,A2,1099,0
exp3420,A2,1100,0
exp3421,A2,1101,0
exp3422,A2,1102,0
exp3423,A2,1103,0
exp3424,A2,1104,0
exp3425,A2,1105,0
exp3426,A2,1106,0
exp3427,A2,1107,0
exp3428,A2,1108,0
exp3429,A2,1109,0
exp3430,A2,1110,0
exp3431,A2,1111,0
exp3432,A2,1112,0
exp3433,A2,1113,0
exp3434,A2,1114,0
exp3435,A2,1115,0
,A2,1116,0
,A2,1117,0
exp3455,A2,1118,0
exp3456,A2,1119,0
exp3457,A2,1120,0
exp3458,A2,1121,0
exp3459,A2,1122,0
exp3460,A2,1123,0
exp3461,A2,1124,0
exp3462,A2,1125,0
exp3463,A2,1126,0
exp3464,A2,1127,0
exp3465,A2,1128,0
exp3466,A2,1129,0
exp3467,A2,1130,0
exp3468,A2,1131,0
exp3469,A2,1132,0
exp3471,A2,1134,0
exp3472,A2,1135,0
exp3473,A2,1136,0
exp3474,A2,1137,0
exp3475,A2,1138,0
exp3476,A2,1139,0
exp3477,A2,1140,0
exp3478,A2,1141,0
exp3479,A2,1142,0
exp3480,A2,1143,0
exp3481,A2,1144,0
exp3482,A2,1145,0
exp3483,A2,1146,0
exp3484,A2,1147,0
exp3485,A2,1148,0
exp3486,A2,1149,0
exp3487,A2,1150,0
exp3488,A2,1151,0
exp3489,A2,1152,0
exp3490,A2,1153,0
exp3491,A2,1154,0
exp3492,A2,1155,0
exp3493,A2,1156,0
exp3494,A2,1157,0
exp3495,A2,1158,0
exp3496,A2,1159,0
exp3497,A2,1160,0
exp3498,A2,1161,0
exp3499,A2,1162,0
exp3500,A2,1163,0
exp3501,A2,1164,0
exp3502,A2,1165,0
exp3503,A2,1166,0
exp3504,A2,1167,0
exp3505,A2,1168,0
exp3506,A2,1169,0
exp3507,A2,1170,0
exp3508,A2,1171,0
exp3509,A2,1172,0
exp3510,A2,1173,0
exp3511,A2,1174,0
exp3512,A2,1175,0
exp3513,A2,1176,0
exp3514,A2,1177,0
exp3515,A2,1178,0
exp3516,A2,1179,0
exp3517,A2,1180,0
exp3518,A2,1181,0
exp3519,A2,1182,0
exp3520,A2,1183,0
exp3521,A2,1184,0
exp3522,A2,1185,0
exp3523,A2,1186,0
exp3524,A2,1187,0
exp3525,A2,1188,0
exp3526,A2,1189,0
exp3527,A2,1190,0
exp3528,A2,1191,0
exp3529,A2,1192,0
exp3530,A2,1193,0
exp3531,A2,1194,0
exp3532,A2,1195,0
exp3533,A2,1196,0
exp3534,A2,1197,0
exp3535,A2,1198,0
exp3536,A2,1199,0
exp3537,A2,1200,0
exp3538,A2,1201,0
exp3539,A2,1202,0
exp3540,A2,1203,0
exp3541,A2,1204,0
exp3542,A2,1205,0
exp3543,A2,1206,0
exp3544,A2,1207,0
exp3545,A2,1208,0
exp3546,A2,1209,0
exp3547,A2,1210,0
exp3548,A2,1211,0
exp3549,A2,1212,0
exp3550,A2,1213,0
exp3551,A2,1214,0
exp3552,A2,1215,0
exp3553,A2,1216,0
exp3554,A2,1217,0
exp3555,A2,1218,0
exp3556,A2,1219,0
exp3557,A2,1220,0
exp3558,A2,1221,0
exp3559,A2,1222,0
exp3560,A2,1223,0
exp3561,A2,1224,0
exp3562,A2,1225,0
exp3563,A2,1226,0
exp3564,A2,1227,0
exp3565,A2,1228,0
exp3566,A2,1229,0
exp3567,A2,1230,0
exp3568,A2,1231,0
exp3569,A2,1232,0
exp3570,A2,1233,0
exp3571,A2,1234,0
exp3573,A2,1235,0
exp3574,A2,1236,0
exp3575,A2,1237,0
exp3576,A2,1238,0
exp3577,A2,1239,0
exp3578,A2,1240,0
exp3579,A2,1241,0
exp3580,A2,1242,0
exp3581,A2,1243,0
exp3582,A2,1244,0
exp3583,A2,1245,0
exp3584,A2,1246,0
exp3585,A2,1247,0
exp3586,A2,1248,0
exp3587,A2,1249,0
exp3588,A2,1250,0
exp3589,A2,1251,0
exp3590,A2,1252,0
exp3591,A2,1253,0
exp3592,A2,1254,0
exp3593,A2,1255,0
exp3594,A2,1256,0
exp3595,A2,1257,0
exp3596,A2,1258,0
exp3597,A2,1259,0
exp3598,A2,1260,0
exp3599,A2,1261,0
exp3600,A2,1262,0
exp3601,A2,1263,0
exp3602,A2,1264,0
exp3603,A2,1265,0
exp3604,A2,1266,0
exp3605,A2,1267,0
exp3606,A2,1268,0
exp3607,A2,1269,0
exp3608,A2,1270,0
exp3609,A2,1271,0
exp3611,A2,1272,0
exp3613,A2,1273,0
exp3614,A2,1274,0
exp3615,A2,1275,0
exp3616,A2,1276,0
exp3617,A2,1277,0
exp3618,A2,1278,0
exp3619,A2,1279,0
exp3620,A2,1280,0
exp3621,A2,1281,0
exp3622,A2,1282,0
exp3623,A2,1283,0
exp3624,A2,1284,0
exp3625,A2,1285,0
exp3626,A2,1286,0
exp3627,A2,1287,0
exp3628,A2,1288,0
exp3629,A2,1289,0
exp3630,A2,1290,0
exp3631,A2,1291,0
exp3632,A2,1292,0
exp3633,A2,1293,0
exp3634,A2,1294,0
exp3635,A2,1295,0
exp3636,A2,1296,0
exp3637,A2,1297,0
exp3638,A2,1298,0
exp3639,A2,1299,0
exp3640,A2,1300,0
exp3641,A2,1301,0
exp3642,A2,1302,0
exp3643,A2,1303,0
exp3644,A2,1304,0
exp3645,A2,1305,0
exp3646,A2,1306,0
exp3647,A2,1307,0
exp3648,A2,1308,0
exp3649,A2,1309,0
exp3650,A2,1310,0
exp3651,A2,1311,0
exp3652,A2,1312,0
exp3653,A2,1313,0
exp3654,A2,1314,0
exp3655,A2,1315,0
exp3656,A2,1316,0
exp3657,A2,1317,0
exp3658,A2,1318,0
exp3659,A2,1319,0
exp3660,A2,1320,0
exp3661,A2,1321,0
exp3662,A2,1322,0
exp3663,A2,1323,0
exp3664,A2,1324,0
exp3665,A2,1325,0
exp3666,A2,1326,0
exp3667,A2,1327,0
exp3668,A2,1328,0
exp3669,A2,1329,0
exp3670,A2,1330,0
exp3671,A2,1331,0
exp3672,A2,1332,0
exp3673,A2,1333,0
exp3674,A2,1334,0
exp3675,A2,1335,0
exp3676,A2,1336,0
exp3677,A2,1337,0
exp3678,A2,1338,0
exp3679,A2,1339,0
exp3680,A2,1340,0
exp3681,A2,1341,0
exp3682,A2,1342,0
exp3683,A2,1343,0
exp3684,A2,1344,0
exp3685,A2,1345,0
exp3686,A2,1346,0
exp3687,A2,1347,0
exp3688,A2,1348,0
exp3689,A2,1349,0
exp3690,A2,1350,0
exp3691,A2,1351,0
exp3692,A2,1352,0
exp3693,A2,1353,0
,A2,1354,0
exp3728,A2,1355,0
exp3729,A2,1356,0
exp3730,A2,1357,0
exp3731,A2,1358,0
exp3732,A2,1359,0
exp3733,A2,1360,0
exp3734,A2,1361,0
exp3735,A2,1362,0
exp3736,A2,1363,0
exp3737,A2,1364,0
exp3738,A2,1365,0
exp3739,A2,1366,0
exp3740,A2,1367,0
exp3741,A2,1368,0
exp3742,A2,1369,0
exp3743,A2,1370,0
exp3744,A2,1371,0
exp3745,A2,1372,0
exp3746,A2,1373,0
exp3747,A2,1374,0
exp3748,A2,1375,0
exp3749,A2,1376,0
exp3750,A2,1377,0
exp3751,A2,1378,0
exp3752,A2,1379,0
exp3753,A2,1380,0
exp3754,A2,1381,0
exp3755,A2,1382,0
exp3756,A2,1383,0
exp3757,A2,1384,0
exp3758,A2,1385,0
exp3759,A2,1386,0
exp3760,A2,1387,0
exp3761,A2,1388,0
exp3762,A2,1389,0
exp3763,A2,1390,0
exp3764,A2,1391,0
exp3765,A2,1392,0
exp3766,A2,1393,0
exp3767,A2,1394,0
exp3768,A2,1395,0
exp3769,A2,1396,0
exp3770,A2,1397,0
exp3771,A2,1398,0
exp3772,A2,1399,0
exp3773,A2,1400,0
exp3774,A2,1401,0
exp3775,A2,1402,0
exp3776,A2,1403,0
exp3777,A2,1404,0
exp3778,A2,1405,0
exp3779,A2,1406,0
exp3780,A2,1407,0
exp3781,A2,1408,0
exp3782,A2,1409,0
exp3783,A2,1410,0
exp3784,A2,1411,0
exp3785,A2,1412,0
exp3786,A2,1413,0
exp3787,A2,1414,0
exp3788,A2,1415,0
exp3789,A2,1416,0
exp3790,A2,1417,0
exp3791,A2,1418,0
exp3792,A2,1419,0
exp3793,A2,1420,0
exp3794,A2,1421,0
exp3795,A2,1422,0
exp3796,A2,1423,0
exp3797,A2,1424,0
exp3798,A2,1425,0
exp3799,A2,1426,0
exp3800,A2,1427,0
exp3801,A2,1428,0
exp3802,A2,1429,0
exp3803,A2,1430,0
exp3804,A2,1431,0
exp3805,A2,1432,0
exp3806,A2,1433,0
exp3807,A2,1434,0
exp3808,A2,1435,0
exp3809,A2,1436,0
exp3810,A2,1437,0
exp3811,A2,1438,0
exp3812,A2,1439,0
exp3813,A2,1440,0
exp3814,A2,1441,0
exp3815,A2,1442,0
exp3816,A2,1443,0
exp3817,A2,1444,0
exp3818,A2,1445,0
exp3819,A2,1446,0
exp3820,A2,1447,0
exp3821,A2,1448,0
exp3822,A2,1449,0
exp3823,A2,1450,0
exp3824,A2,1451,0
exp3825,A2,1452,0
exp3826,A2,1453,0
exp3827,A2,1454,0
exp3828,A2,1455,0
exp3829,A2,1456,0
exp3830,A2,1457,0
exp3831,A2,1458,0
exp3832,A2,1459,0
exp3833,A2,1460,0
exp3834,A2,1461,0
exp3835,A2,1462,0
exp3836,A2,1463,0
exp3837,A2,1464,0
exp3838,A2,1465,0
exp3839,A2,1466,0
exp3840,A2,1467,0
exp3841,A2,1468,0
exp3842,A2,1469,0
exp3843,A2,1470,0
exp3844,A2,1471,0
exp3845,A2,1472,0
exp3846,A2,1473,0
exp3847,A2,1474,0
exp3848,A2,1475,0
exp3849,A2,1476,0
exp3850,A2,1477,0
exp3851,A2,1478,0
exp3852,A2,1479,0
exp3853,A2,1480,0
exp3854,A2,1481,0
exp3855,A2,1482,0
exp3856,A2,1483,0
exp3857,A2,1484,0
exp3858,A2,1485,0
exp3859,A2,1486,0
exp3860,A2,1487,0
exp3861,A2,1488,0
exp3862,A2,1489,0
exp3863,A2,1490,0
exp3864,A2,1491,0
exp3865,A2,1492,0
exp3866,A2,1493,0
exp3867,A2,1494,0
exp3868,A2,1495,0
exp3869,A2,1496,0
exp3870,A2,1497,0
exp3871,A2,1498,0
exp3872,A2,1499,0
exp3873,A2,1500,0
exp3874,A2,1501,0
exp3875,A2,1502,0
exp3876,A2,1503,0
exp3877,A2,1504,0
exp3878,A2,1505,0
exp3879,A2,1506,0
exp3880,A2,1507,0
exp3881,A2,1508,0
exp3882,A2,1509,0
exp3883,A2,1510,0
exp3884,A2,1511,0
exp3885,A2,1512,0
exp3886,A2,1513,0
exp3887,A2,1514,0
exp3888,A2,1515,0
exp3889,A2,1516,0
exp3890,A2,1517,0
exp3891,A2,1518,0
exp3893,A2,1519,0
exp3894,A2,1520,0
exp3895,A2,1521,0
exp3896,A2,1522,0
exp3897,A2,1523,0
exp3898,A2,1524,0
exp3899,A2,1525,0
exp3900,A2,1526,0
exp3901,A2,1527,0
exp3902,A2,1528,0
exp3903,A2,1529,0
exp3904,A2,1530,0
exp3905,A2,1531,0
exp3906,A2,1532,0
exp3907,A2,1533,0
exp3908,A2,1534,0
exp3909,A2,1535,0
exp3910,A2,1536,0
exp3911,A2,1537,0
exp3912,A2,1538,0
exp3913,A2,1539,0
exp3914,A2,1540,0
exp3915,A2,1541,0
exp3916,A2,1542,0
exp3917,A2,1543,0
exp3918,A2,1544,0
exp3919,A2,1545,0
exp3920,A2,1546,0
exp3921,A2,1547,0
exp3922,A2,1548,0
exp3923,A2,1549,0
exp3924,A2,1550,0
exp3925,A2,1551,0
exp3926,A2,1552,0
exp3927,A2,1553,0
exp3928,A2,1554,0
exp3929,A2,1555,0
exp3930,A2,1556,0
exp3931,A2,1557,0
exp3932,A2,1558,0
exp3933,A2,1559,0
exp3934,A2,1560,0
exp3935,A2,1561,0
exp3936,A2,1562,0
exp3937,A2,1563,0
exp3938,A2,1564,0
exp3939,A2,1565,0
exp3940,A2,1566,0
exp3941,A2,1567,0
exp3942,A2,1568,0
exp3943,A2,1569,0
exp3944,A2,1570,0
exp3945,A2,1571,0
exp3946,A2,1572,0
exp3947,A2,1573,0
exp3948,A2,1574,0
exp3949,A2,1575,0
exp3950,A2,1576,0
exp3951,A2,1577,0
exp3952,A2,1578,0
exp3953,A2,1579,0
exp3954,A2,1580,0
exp3955,A2,1581,0
exp3956,A2,1582,0
exp3957,A2,1583,0
exp3958,A2,1584,0
exp3959,A2,1585,0
exp3960,A2,1586,0
exp3961,A2,1587,0
exp3962,A2,1588,0
exp3963,A2,1589,0
exp3964,A2,1590,0
exp3965,A2,1591,0
exp3966,A2,1592,0
exp3967,A2,1593,0
exp3968,A2,1594,0
exp3969,A2,1595,0
exp3970,A2,1596,0
exp3971,A2,1597,0
exp3972,A2,1598,0
exp3973,A2,1599,0
exp3974,A2,1600,0
exp3975,A2,1601,0
exp3976,A2,1602,0
exp3977,A2,1603,0
exp3978,A2,1604,0
exp3979,A2,1605,0
exp3980,A2,1606,0
exp3981,A2,1607,0
exp3982,A2,1608,0
exp3983,A2,1609,0
exp3984,A2,1610,0
exp3985,A2,1611,0
exp3986,A2,1612,0
exp3987,A2,1613,0
exp3988,A2,1614,0
exp3989,A2,1615,0
exp3990,A2,1616,0
exp3991,A2,1617,0
exp3992,A2,1618,0
exp3993,A2,1619,0
exp3994,A2,1620,0
exp3995,A2,1621,0
exp3996,A2,1622,0
exp3997,A2,1623,0
exp3998,A2,1624,0
exp3999,A2,1625,0
exp4000,A2,1626,0
exp4001,A2,1627,0
exp4002,A2,1628,0
exp4003,A2,1629,0
exp4004,A2,1630,0
exp4005,A2,1631,0
exp4006,A2,1632,0
exp4007,A2,1633,0
exp4008,A2,1634,0
exp4009,A2,1635,0
exp4010,A2,1636,0
exp4011,A2,1637,0
exp4012,A2,1638,0
exp4013,A2,1639,0
exp4014,A2,1640,0
exp4015,A2,1641,0
exp4016,A2,1642,0
exp4017,A2,1643,0
exp4018,A2,1644,0
exp4019,A2,1645,0
exp4020,A2,1646,0
exp4021,A2,1647,0
exp4022,A2,1648,0
exp4023,A2,1649,0
exp4024,A2,1650,0
exp4025,A2,1651,0
exp4026,A2,1652,0
exp4027,A2,1653,0
exp4028,A2,1654,0
exp4029,A2,1655,0
exp4030,A2,1656,0
exp4031,A2,1657,0
exp4032,A2,1658,0
exp4033,A2,1659,0
exp4034,A2,1660,0
exp4035,A2,1661,0
exp4036,A2,1662,0
exp4037,A2,1663,0
exp4038,A2,1664,0
exp4039,A2,1665,0
exp4040,A2,1666,0
exp4041,A2,1667,0
exp4042,A2,1668,0
exp4043,A2,1669,0
exp4044,A2,1670,0
exp4045,A2,1671,0
exp4046,A2,1672,0
exp4047,A2,1673,0
exp4048,A2,1674,0
exp4049,A2,1675,0
exp4050,A2,1676,0
exp4051,A2,1677,0
exp4052,A2,1678,0
exp4053,A2,1679,0
exp4054,A2,1680,0
exp4055,A2,1681,0
exp4056,A2,1682,0
exp4057,A2,1683,0
exp4058,A2,1684,0
exp4059,A2,1685,0
exp4060,A2,1686,0
exp4061,A2,1687,0
exp4062,A2,1688,0
exp4063,A2,1689,0
exp4064,A2,1690,0
exp4065,A2,1691,0
exp4066,A2,1692,0
exp4067,A2,1693,0
exp4068,A2,1694,0
exp4069,A2,1695,0
exp4070,A2,1696,0
exp4071,A2,1697,0
exp4073,A2,1699,0
exp4074,A2,1700,0
exp4075,A2,1701,0
exp4076,A2,1702,0
exp4077,A2,1703,0
exp4078,A2,1704,0
exp4079,A2,1705,0
exp4080,A2,1706,0
exp4081,A2,1707,0
exp4082,A2,1708,0
exp4083,A2,1709,0
exp4084,A2,1710,0
exp4085,A2,1711,0
exp4086,A2,1712,0
exp4087,A2,1713,0
exp4088,A2,1714,0
exp4089,A2,1715,0
exp4090,A2,1716,0
exp4091,A2,1717,0
exp4092,A2,1718,0
exp4093,A2,1719,0
exp4094,A2,1720,0
exp4095,A2,1721,0
exp4096,A2,1722,0
exp4097,A2,1723,0
exp4098,A2,1724,0
exp4099,A2,1725,0
exp4100,A2,1726,0
exp4102,A2,1727,0
exp4103,A2,1728,0
exp4104,A2,1729,0
exp4105,A2,1730,0
exp4106,A2,1731,0
exp4107,A2,1732,0
exp4108,A2,1733,0
exp4109,A2,1734,0
exp4110,A2,1735,0
exp4111,A2,1736,0
exp4112,A2,1737,0
exp4113,A2,1738,0
exp4114,A2,1739,0
exp4115,A2,1740,0
exp4116,A2,1741,0
exp4117,A2,1742,0
exp4118,A2,1743,0
exp4119,A2,1744,0
exp4120,A2,1745,0
exp4121,A2,1746,0
exp4122,A2,1747,0
exp4123,A2,1748,0
exp4124,A2,1749,0
exp4125,A2,1750,0
exp4126,A2,1751,0
exp4127,A2,1752,0
,A2,1753,0
,A2,1754,0
exp4157,A2,1755,0
exp4158,A2,1756,0
exp4159,A2,1757,0
exp4160,A2,1758,0
exp4161,A2,1759,0
exp4162,A2,1760,0
exp4163,A2,1761,0
exp4164,A2,1762,0
exp4165,A2,1763,0
exp4166,A2,1764,0
exp4167,A2,1765,0
exp4168,A2,1766,0
exp4169,A2,1767,0
exp4170,A2,1768,0
exp4171,A2,1769,0
exp4172,A2,1770,0
exp4173,A2,1771,0
exp4174,A2,1772,0
exp4175,A2,1773,0
exp4176,A2,1774,0
exp4177,A2,1775,0
exp4178,A2,1776,0
exp4179,A2,1777,0
exp4180,A2,1778,0
exp4181,A2,1779,0
exp4182,A2,1780,0
exp4183,A2,1781,0
exp4184,A2,1782,0
exp4185,A2,1783,0
exp4186,A2,1784,0
exp4187,A2,1785,0
exp4188,A2,1786,0
exp4189,A2,1787,0
exp4190,A2,1788,0
exp4191,A2,1789,0
exp4192,A2,1790,0
exp4193,A2,1791,0
exp4194,A2,1792,0
exp4195,A2,1793,0
exp4196,A2,1794,0
exp4197,A2,1795,0
exp4198,A2,1796,0
exp4199,A2,1797,0
exp4200,A2,1798,0
exp4201,A2,1799,0
exp4202,A2,1800,0
exp4203,A2,1801,0
exp4204,A2,1802,0
exp4205,A2,1803,0
exp4206,A2,1804,0
exp4207,A2,1805,0
exp4208,A2,1806,0
exp4209,A2,1807,0
exp4210,A2,1808,0
exp4211,A2,1809,0
exp4212,A2,1810,0
exp4213,A2,1811,0
exp4214,A2,1812,0
exp4215,A2,1813,0
exp4216,A2,1814,0
exp4217,A2,1815,0
exp4218,A2,1816,0
exp4219,A2,1817,0
exp4221,A2,1819,0
exp4222,A2,1820,0
exp4223,A2,1821,0
exp4224,A2,1822,0
exp4225,A2,1823,0
exp4226,A2,1824,0
exp4227,A2,1825,0
exp4228,A2,1826,0
exp4229,A2,1827,0
exp4230,A2,1828,0
exp4231,A2,1829,0
exp4232,A2,1830,0
exp4233,A2,1831,0
exp4234,A2,1832,0
exp4235,A2,1833,0
exp4236,A2,1834,0
exp4237,A2,1835,0
exp4238,A2,1836,0
exp4239,A2,1837,0
exp4240,A2,1838,0
exp4241,A2,1839,0
exp4242,A2,1840,0
exp4243,A2,1841,0
exp4244,A2,1842,0
exp4245,A2,1843,0
exp4246,A2,1844,0
exp4247,A2,1845,0
exp4248,A2,1846,0
exp4249,A2,1847,0
exp4250,A2,1848,0
exp4251,A2,1849,0
exp4252,A2,1850,0
exp4253,A2,1851,0
exp4254,A2,1852,0
exp4255,A2,1853,0
exp4256,A2,1854,0
exp4257,A2,1855,0
exp4258,A2,1856,0
exp4259,A2,1857,0
exp4260,A2,1858,0
exp4261,A2,1859,0
exp4262,A2,1860,0
exp4263,A2,1861,0
exp4264,A2,1862,0
exp4265,A2,1863,0
exp4266,A2,1864,0
exp4267,A2,1865,0
exp4268,A2,1866,0
exp4269,A2,1867,0
exp4270,A2,1868,0
exp4271,A2,1869,0
exp4272,A2,1870,0
exp4273,A2,1871,0
exp4274,A2,1872,0
exp4275,A2,1873,0
exp4276,A2,1874,0
exp4277,A2,1875,0
exp4278,A2,1876,0
exp4279,A2,1877,0
exp4280,A2,1878,0
exp4281,A2,1879,0
exp4283,A2,1880,0
exp4284,A2,1881,0
exp4285,A2,1882,0
exp4286,A2,1883,0
exp4287,A2,1884,0
exp4288,A2,1885,0
exp4289,A2,1886,0
exp4290,A2,1887,0
exp4291,A2,1888,0
exp4292,A2,1889,0
exp4293,A2,1890,0
exp4294,A2,1891,0
exp4295,A2,1892,0
exp4296,A2,1893,0
exp4297,A2,1894,0
exp4298,A2,1895,0
exp4299,A2,1896,0
exp4300,A2,1897,0
exp4301,A2,1898,0
exp4302,A2,1899,0
exp4303,A2,1900,0
exp4304,A2,1901,0
exp4305,A2,1902,0
exp4306,A2,1903,0
exp4307,A2,1904,0
exp4308,A2,1905,0
exp4309,A2,1906,0
exp4310,A2,1907,0
exp4311,A2,1908,0
exp4312,A2,1909,0
exp4313,A2,1910,0
exp4314,A2,1911,0
exp4315,A2,1912,0
exp4316,A2,1913,0
exp4317,A2,1914,0
exp4318,A2,1915,0
exp4319,A2,1916,0
exp4320,A2,1917,0
exp4321,A2,1918,0
exp4322,A2,1919,0
exp4323,A2,1920,0
exp4324,A2,1921,0
exp4325,A2,1922,0
exp4326,A2,1923,0
exp4327,A2,1924,0
exp4328,A2,1925,0
exp4329,A2,1926,0
exp4330,A2,1927,0
exp4331,A2,1928,0
exp4332,A2,1929,0
exp4334,A2,1931,0
exp4335,A2,1932,0
exp4337,A2,1934,0
exp4338,A2,1935,0
exp4339,A2,1936,0
exp4340,A2,1937,0
exp4341,A2,1938,0
exp4343,A2,1940,0
exp4344,A2,1941,0
exp4347,A2,1944,0
exp4348,A2,1945,0
exp4349,A2,1946,0
exp4350,A2,1947,0
