"metric","value","skript","data_sha","seed","datum"
"n_radku_A12",1947,"analyzy/notebooks/40_kvalita.qmd","d3551ffa8c12fc67315528a8a5f43867e5da3f705195311dbe54af7249d5ab34",20260714,"2026-09-08"
"pokryti_kvalita_A12",1,"analyzy/notebooks/40_kvalita.qmd","d3551ffa8c12fc67315528a8a5f43867e5da3f705195311dbe54af7249d5ab34",20260714,"2026-09-08"
"pokryti_dopad_A12",0.9671,"analyzy/notebooks/40_kvalita.qmd","d3551ffa8c12fc67315528a8a5f43867e5da3f705195311dbe54af7249d5ab34",20260714,"2026-09-08"
"pokryti_vhodnost_A12",0.9692,"analyzy/notebooks/40_kvalita.qmd","d3551ffa8c12fc67315528a8a5f43867e5da3f705195311dbe54af7249d5ab34",20260714,"2026-09-08"
"adjudikovano_radku_A12",64,"analyzy/notebooks/40_kvalita.qmd","d3551ffa8c12fc67315528a8a5f43867e5da3f705195311dbe54af7249d5ab34",20260714,"2026-09-08"
"n_radku_A2",1938,"analyzy/notebooks/40_kvalita.qmd","d3551ffa8c12fc67315528a8a5f43867e5da3f705195311dbe54af7249d5ab34",20260714,"2026-09-08"
"pokryti_kvalita_A2",1,"analyzy/notebooks/40_kvalita.qmd","d3551ffa8c12fc67315528a8a5f43867e5da3f705195311dbe54af7249d5ab34",20260714,"2026-09-08"
"pokryti_dopad_A2",0.9639,"analyzy/notebooks/40_kvalita.qmd","d3551ffa8c12fc67315528a8a5f43867e5da3f705195311dbe54af7249d5ab34",20260714,"2026-09-08"
"pokryti_vhodnost_A2",0.9644,"analyzy/notebooks/40_kvalita.qmd","d3551ffa8c12fc67315528a8a5f43867e5da3f705195311dbe54af7249d5ab34",20260714,"2026-09-08"
"adjudikovano_radku_A2",64,"analyzy/notebooks/40_kvalita.qmd","d3551ffa8c12fc67315528a8a5f43867e5da3f705195311dbe54af7249d5ab34",20260714,"2026-09-08"
"n_kazuistik_k3_unikat",3192,"analyzy/notebooks/40_kvalita.qmd","d3551ffa8c12fc67315528a8a5f43867e5da3f705195311dbe54af7249d5ab34",20260714,"2026-09-08"
"n_radku_bez_uid",7,"analyzy/notebooks/40_kvalita.qmd","d3551ffa8c12fc67315528a8a5f43867e5da3f705195311dbe54af7249d5ab34",20260714,"2026-09-08"
"n_prekryv",693,"analyzy/notebooks/40_kvalita.qmd","d3551ffa8c12fc67315528a8a5f43867e5da3f705195311dbe54af7249d5ab34",20260714,"2026-09-08"
"n_prekryv_adjudikovano",64,"analyzy/notebooks/40_kvalita.qmd","d3551ffa8c12fc67315528a8a5f43867e5da3f705195311dbe54af7249d5ab34",20260714,"2026-09-08"
"kvalita_plocha_n_A12",92,"analyzy/notebooks/40_kvalita.qmd","d3551ffa8c12fc67315528a8a5f43867e5da3f705195311dbe54af7249d5ab34",20260714,"2026-09-08"
"kvalita_plocha_podil_A12",0.0473,"analyzy/notebooks/40_kvalita.qmd","d3551ffa8c12fc67315528a8a5f43867e5da3f705195311dbe54af7249d5ab34",20260714,"2026-09-08"
"kvalita_plna_n_A12",1855,"analyzy/notebooks/40_kvalita.qmd","d3551ffa8c12fc67315528a8a5f43867e5da3f705195311dbe54af7249d5ab34",20260714,"2026-09-08"
"dopad_NEU_n_A12",425,"analyzy/notebooks/40_kvalita.qmd","d3551ffa8c12fc67315528a8a5f43867e5da3f705195311dbe54af7249d5ab34",20260714,"2026-09-08"
"dopad_NEU_podil_A12",0.2257,"analyzy/notebooks/40_kvalita.qmd","d3551ffa8c12fc67315528a8a5f43867e5da3f705195311dbe54af7249d5ab34",20260714,"2026-09-08"
"dopad_KU_n_A12",655,"analyzy/notebooks/40_kvalita.qmd","d3551ffa8c12fc67315528a8a5f43867e5da3f705195311dbe54af7249d5ab34",20260714,"2026-09-08"
"dopad_KU_podil_A12",0.3478,"analyzy/notebooks/40_kvalita.qmd","d3551ffa8c12fc67315528a8a5f43867e5da3f705195311dbe54af7249d5ab34",20260714,"2026-09-08"
"dopad_DU_n_A12",803,"analyzy/notebooks/40_kvalita.qmd","d3551ffa8c12fc67315528a8a5f43867e5da3f705195311dbe54af7249d5ab34",20260714,"2026-09-08"
"dopad_DU_podil_A12",0.4264,"analyzy/notebooks/40_kvalita.qmd","d3551ffa8c12fc67315528a8a5f43867e5da3f705195311dbe54af7249d5ab34",20260714,"2026-09-08"
"vhodnost_1_n_A12",85,"analyzy/notebooks/40_kvalita.qmd","d3551ffa8c12fc67315528a8a5f43867e5da3f705195311dbe54af7249d5ab34",20260714,"2026-09-08"
"vhodnost_1_podil_A12",0.045,"analyzy/notebooks/40_kvalita.qmd","d3551ffa8c12fc67315528a8a5f43867e5da3f705195311dbe54af7249d5ab34",20260714,"2026-09-08"
"vhodnost_2_n_A12",300,"analyzy/notebooks/40_kvalita.qmd","d3551ffa8c12fc67315528a8a5f43867e5da3f705195311dbe54af7249d5ab34",20260714,"2026-09-08"
"vhodnost_2_podil_A12",0.159,"analyzy/notebooks/40_kvalita.qmd","d3551ffa8c12fc67315528a8a5f43867e5da3f705195311dbe54af7249d5ab34",20260714,"2026-09-08"
"vhodnost_3_n_A12",650,"analyzy/notebooks/40_kvalita.qmd","d3551ffa8c12fc67315528a8a5f43867e5da3f705195311dbe54af7249d5ab34",20260714,"2026-09-08"
"vhodnost_3_podil_A12",0.3445,"analyzy/notebooks/40_kvalita.qmd","d3551ffa8c12fc67315528a8a5f43867e5da3f705195311dbe54af7249d5ab34",20260714,"2026-09-08"
"vhodnost_4_n_A12",852,"analyzy/notebooks/40_kvalita.qmd","d3551ffa8c12fc67315528a8a5f43867e5da3f705195311dbe54af7249d5ab34",20260714,"2026-09-08"
"vhodnost_4_podil_A12",0.4515,"analyzy/notebooks/40_kvalita.qmd","d3551ffa8c12fc67315528a8a5f43867e5da3f705195311dbe54af7249d5ab34",20260714,"2026-09-08"
"vhodnost_prumer_A12",3.2024,"analyzy/notebooks/40_kvalita.qmd","d3551ffa8c12fc67315528a8a5f43867e5da3f705195311dbe54af7249d5ab34",20260714,"2026-09-08"
"plocha_bez_dopadu_A12",63,"analyzy/notebooks/40_kvalita.qmd","d3551ffa8c12fc67315528a8a5f43867e5da3f705195311dbe54af7249d5ab34",20260714,"2026-09-08"
"plocha_bez_vhodnosti_A12",59,"analyzy/notebooks/40_kvalita.qmd","d3551ffa8c12fc67315528a8a5f43867e5da3f705195311dbe54af7249d5ab34",20260714,"2026-09-08"
"plna_bez_dopadu_A12",1,"analyzy/notebooks/40_kvalita.qmd","d3551ffa8c12fc67315528a8a5f43867e5da3f705195311dbe54af7249d5ab34",20260714,"2026-09-08"
"chybi_dopad_A12",64,"analyzy/notebooks/40_kvalita.qmd","d3551ffa8c12fc67315528a8a5f43867e5da3f705195311dbe54af7249d5ab34",20260714,"2026-09-08"
"komentar_jazykovy_n_A12",38,"analyzy/notebooks/40_kvalita.qmd","d3551ffa8c12fc67315528a8a5f43867e5da3f705195311dbe54af7249d5ab34",20260714,"2026-09-08"
"komentar_plocha_n_A12",113,"analyzy/notebooks/40_kvalita.qmd","d3551ffa8c12fc67315528a8a5f43867e5da3f705195311dbe54af7249d5ab34",20260714,"2026-09-08"
"komentar_dalsi_n_A12",21,"analyzy/notebooks/40_kvalita.qmd","d3551ffa8c12fc67315528a8a5f43867e5da3f705195311dbe54af7249d5ab34",20260714,"2026-09-08"
"otazniky_n_A12",0,"analyzy/notebooks/40_kvalita.qmd","d3551ffa8c12fc67315528a8a5f43867e5da3f705195311dbe54af7249d5ab34",20260714,"2026-09-08"
"tema_strojovy_preklad_n_A12",14,"analyzy/notebooks/40_kvalita.qmd","d3551ffa8c12fc67315528a8a5f43867e5da3f705195311dbe54af7249d5ab34",20260714,"2026-09-08"
"plocha_s_komentarem_A12",86,"analyzy/notebooks/40_kvalita.qmd","d3551ffa8c12fc67315528a8a5f43867e5da3f705195311dbe54af7249d5ab34",20260714,"2026-09-08"
"kvalita_plocha_n_A2",86,"analyzy/notebooks/40_kvalita.qmd","d3551ffa8c12fc67315528a8a5f43867e5da3f705195311dbe54af7249d5ab34",20260714,"2026-09-08"
"kvalita_plocha_podil_A2",0.0444,"analyzy/notebooks/40_kvalita.qmd","d3551ffa8c12fc67315528a8a5f43867e5da3f705195311dbe54af7249d5ab34",20260714,"2026-09-08"
"kvalita_plna_n_A2",1852,"analyzy/notebooks/40_kvalita.qmd","d3551ffa8c12fc67315528a8a5f43867e5da3f705195311dbe54af7249d5ab34",20260714,"2026-09-08"
"dopad_NEU_n_A2",251,"analyzy/notebooks/40_kvalita.qmd","d3551ffa8c12fc67315528a8a5f43867e5da3f705195311dbe54af7249d5ab34",20260714,"2026-09-08"
"dopad_NEU_podil_A2",0.1344,"analyzy/notebooks/40_kvalita.qmd","d3551ffa8c12fc67315528a8a5f43867e5da3f705195311dbe54af7249d5ab34",20260714,"2026-09-08"
"dopad_KU_n_A2",784,"analyzy/notebooks/40_kvalita.qmd","d3551ffa8c12fc67315528a8a5f43867e5da3f705195311dbe54af7249d5ab34",20260714,"2026-09-08"
"dopad_KU_podil_A2",0.4197,"analyzy/notebooks/40_kvalita.qmd","d3551ffa8c12fc67315528a8a5f43867e5da3f705195311dbe54af7249d5ab34",20260714,"2026-09-08"
"dopad_DU_n_A2",833,"analyzy/notebooks/40_kvalita.qmd","d3551ffa8c12fc67315528a8a5f43867e5da3f705195311dbe54af7249d5ab34",20260714,"2026-09-08"
"dopad_DU_podil_A2",0.4459,"analyzy/notebooks/40_kvalita.qmd","d3551ffa8c12fc67315528a8a5f43867e5da3f705195311dbe54af7249d5ab34",20260714,"2026-09-08"
"vhodnost_1_n_A2",11,"analyzy/notebooks/40_kvalita.qmd","d3551ffa8c12fc67315528a8a5f43867e5da3f705195311dbe54af7249d5ab34",20260714,"2026-09-08"
"vhodnost_1_podil_A2",0.0059,"analyzy/notebooks/40_kvalita.qmd","d3551ffa8c12fc67315528a8a5f43867e5da3f705195311dbe54af7249d5ab34",20260714,"2026-09-08"
"vhodnost_2_n_A2",288,"analyzy/notebooks/40_kvalita.qmd","d3551ffa8c12fc67315528a8a5f43867e5da3f705195311dbe54af7249d5ab34",20260714,"2026-09-08"
"vhodnost_2_podil_A2",0.1541,"analyzy/notebooks/40_kvalita.qmd","d3551ffa8c12fc67315528a8a5f43867e5da3f705195311dbe54af7249d5ab34",20260714,"2026-09-08"
"vhodnost_3_n_A2",748,"analyzy/notebooks/40_kvalita.qmd","d3551ffa8c12fc67315528a8a5f43867e5da3f705195311dbe54af7249d5ab34",20260714,"2026-09-08"
"vhodnost_3_podil_A2",0.4002,"analyzy/notebooks/40_kvalita.qmd","d3551ffa8c12fc67315528a8a5f43867e5da3f705195311dbe54af7249d5ab34",20260714,"2026-09-08"
"vhodnost_4_n_A2",822,"analyzy/notebooks/40_kvalita.qmd","d3551ffa8c12fc67315528a8a5f43867e5da3f705195311dbe54af7249d5ab34",20260714,"2026-09-08"
"vhodnost_4_podil_A2",0.4398,"analyzy/notebooks/40_kvalita.qmd","d3551ffa8c12fc67315528a8a5f43867e5da3f705195311dbe54af7249d5ab34",20260714,"2026-09-08"
"vhodnost_prumer_A2",3.2739,"analyzy/notebooks/40_kvalita.qmd","d3551ffa8c12fc67315528a8a5f43867e5da3f705195311dbe54af7249d5ab34",20260714,"2026-09-08"
"plocha_bez_dopadu_A2",70,"analyzy/notebooks/40_kvalita.qmd","d3551ffa8c12fc67315528a8a5f43867e5da3f705195311dbe54af7249d5ab34",20260714,"2026-09-08"
"plocha_bez_vhodnosti_A2",69,"analyzy/notebooks/40_kvalita.qmd","d3551ffa8c12fc67315528a8a5f43867e5da3f705195311dbe54af7249d5ab34",20260714,"2026-09-08"
"plna_bez_dopadu_A2",0,"analyzy/notebooks/40_kvalita.qmd","d3551ffa8c12fc67315528a8a5f43867e5da3f705195311dbe54af7249d5ab34",20260714,"2026-09-08"
"chybi_dopad_A2",70,"analyzy/notebooks/40_kvalita.qmd","d3551ffa8c12fc67315528a8a5f43867e5da3f705195311dbe54af7249d5ab34",20260714,"2026-09-08"
"komentar_jazykovy_n_A2",348,"analyzy/notebooks/40_kvalita.qmd","d3551ffa8c12fc67315528a8a5f43867e5da3f705195311dbe54af7249d5ab34",20260714,"2026-09-08"
"komentar_plocha_n_A2",92,"analyzy/notebooks/40_kvalita.qmd","d3551ffa8c12fc67315528a8a5f43867e5da3f705195311dbe54af7249d5ab34",20260714,"2026-09-08"
"komentar_dalsi_n_A2",258,"analyzy/notebooks/40_kvalita.qmd","d3551ffa8c12fc67315528a8a5f43867e5da3f705195311dbe54af7249d5ab34",20260714,"2026-09-08"
"otazniky_n_A2",145,"analyzy/notebooks/40_kvalita.qmd","d3551ffa8c12fc67315528a8a5f43867e5da3f705195311dbe54af7249d5ab34",20260714,"2026-09-08"
"tema_strojovy_preklad_n_A2",46,"analyzy/notebooks/40_kvalita.qmd","d3551ffa8c12fc67315528a8a5f43867e5da3f705195311dbe54af7249d5ab34",20260714,"2026-09-08"
"plocha_s_komentarem_A2",83,"analyzy/notebooks/40_kvalita.qmd","d3551ffa8c12fc67315528a8a5f43867e5da3f705195311dbe54af7249d5ab34",20260714,"2026-09-08"
"median_znaku_popis",664,"analyzy/notebooks/40_kvalita.qmd","d3551ffa8c12fc67315528a8a5f43867e5da3f705195311dbe54af7249d5ab34",20260714,"2026-09-08"
"median_znaku_anamneza",478,"analyzy/notebooks/40_kvalita.qmd","d3551ffa8c12fc67315528a8a5f43867e5da3f705195311dbe54af7249d5ab34",20260714,"2026-09-08"
"median_znaku_reseni",610,"analyzy/notebooks/40_kvalita.qmd","d3551ffa8c12fc67315528a8a5f43867e5da3f705195311dbe54af7249d5ab34",20260714,"2026-09-08"
"median_znaku_vystup",410,"analyzy/notebooks/40_kvalita.qmd","d3551ffa8c12fc67315528a8a5f43867e5da3f705195311dbe54af7249d5ab34",20260714,"2026-09-08"
"shoda_kvalita_n",629,"analyzy/notebooks/40_kvalita.qmd","d3551ffa8c12fc67315528a8a5f43867e5da3f705195311dbe54af7249d5ab34",20260714,"2026-09-08"
"shoda_kvalita_presna",0.9793,"analyzy/notebooks/40_kvalita.qmd","d3551ffa8c12fc67315528a8a5f43867e5da3f705195311dbe54af7249d5ab34",20260714,"2026-09-08"
"shoda_kvalita_presna_ci_lo",0.9682,"analyzy/notebooks/40_kvalita.qmd","d3551ffa8c12fc67315528a8a5f43867e5da3f705195311dbe54af7249d5ab34",20260714,"2026-09-08"
"shoda_kvalita_presna_ci_hi",0.9905,"analyzy/notebooks/40_kvalita.qmd","d3551ffa8c12fc67315528a8a5f43867e5da3f705195311dbe54af7249d5ab34",20260714,"2026-09-08"
"shoda_kvalita_kappa",0.7689,"analyzy/notebooks/40_kvalita.qmd","d3551ffa8c12fc67315528a8a5f43867e5da3f705195311dbe54af7249d5ab34",20260714,"2026-09-08"
"shoda_kvalita_kappa_ci_lo",0.6378,"analyzy/notebooks/40_kvalita.qmd","d3551ffa8c12fc67315528a8a5f43867e5da3f705195311dbe54af7249d5ab34",20260714,"2026-09-08"
"shoda_kvalita_kappa_ci_hi",0.8794,"analyzy/notebooks/40_kvalita.qmd","d3551ffa8c12fc67315528a8a5f43867e5da3f705195311dbe54af7249d5ab34",20260714,"2026-09-08"
"shoda_kvalita_alpha",0.769,"analyzy/notebooks/40_kvalita.qmd","d3551ffa8c12fc67315528a8a5f43867e5da3f705195311dbe54af7249d5ab34",20260714,"2026-09-08"
"shoda_kvalita_alpha_ci_lo",0.6375,"analyzy/notebooks/40_kvalita.qmd","d3551ffa8c12fc67315528a8a5f43867e5da3f705195311dbe54af7249d5ab34",20260714,"2026-09-08"
"shoda_kvalita_alpha_ci_hi",0.8795,"analyzy/notebooks/40_kvalita.qmd","d3551ffa8c12fc67315528a8a5f43867e5da3f705195311dbe54af7249d5ab34",20260714,"2026-09-08"
"shoda_kvalita_ac1",0.9773,"analyzy/notebooks/40_kvalita.qmd","d3551ffa8c12fc67315528a8a5f43867e5da3f705195311dbe54af7249d5ab34",20260714,"2026-09-08"
"shoda_kvalita_ac1_ci_lo",0.9638,"analyzy/notebooks/40_kvalita.qmd","d3551ffa8c12fc67315528a8a5f43867e5da3f705195311dbe54af7249d5ab34",20260714,"2026-09-08"
"shoda_kvalita_ac1_ci_hi",0.9896,"analyzy/notebooks/40_kvalita.qmd","d3551ffa8c12fc67315528a8a5f43867e5da3f705195311dbe54af7249d5ab34",20260714,"2026-09-08"
"shoda_dopad_n",603,"analyzy/notebooks/40_kvalita.qmd","d3551ffa8c12fc67315528a8a5f43867e5da3f705195311dbe54af7249d5ab34",20260714,"2026-09-08"
"shoda_dopad_presna",0.8109,"analyzy/notebooks/40_kvalita.qmd","d3551ffa8c12fc67315528a8a5f43867e5da3f705195311dbe54af7249d5ab34",20260714,"2026-09-08"
"shoda_dopad_presna_ci_lo",0.7778,"analyzy/notebooks/40_kvalita.qmd","d3551ffa8c12fc67315528a8a5f43867e5da3f705195311dbe54af7249d5ab34",20260714,"2026-09-08"
"shoda_dopad_presna_ci_hi",0.8408,"analyzy/notebooks/40_kvalita.qmd","d3551ffa8c12fc67315528a8a5f43867e5da3f705195311dbe54af7249d5ab34",20260714,"2026-09-08"
"shoda_dopad_kappa",0.6875,"analyzy/notebooks/40_kvalita.qmd","d3551ffa8c12fc67315528a8a5f43867e5da3f705195311dbe54af7249d5ab34",20260714,"2026-09-08"
"shoda_dopad_kappa_ci_lo",0.6349,"analyzy/notebooks/40_kvalita.qmd","d3551ffa8c12fc67315528a8a5f43867e5da3f705195311dbe54af7249d5ab34",20260714,"2026-09-08"
"shoda_dopad_kappa_ci_hi",0.7368,"analyzy/notebooks/40_kvalita.qmd","d3551ffa8c12fc67315528a8a5f43867e5da3f705195311dbe54af7249d5ab34",20260714,"2026-09-08"
"shoda_dopad_alpha",0.6874,"analyzy/notebooks/40_kvalita.qmd","d3551ffa8c12fc67315528a8a5f43867e5da3f705195311dbe54af7249d5ab34",20260714,"2026-09-08"
"shoda_dopad_alpha_ci_lo",0.6344,"analyzy/notebooks/40_kvalita.qmd","d3551ffa8c12fc67315528a8a5f43867e5da3f705195311dbe54af7249d5ab34",20260714,"2026-09-08"
"shoda_dopad_alpha_ci_hi",0.7367,"analyzy/notebooks/40_kvalita.qmd","d3551ffa8c12fc67315528a8a5f43867e5da3f705195311dbe54af7249d5ab34",20260714,"2026-09-08"
"shoda_dopad_ac1",0.7291,"analyzy/notebooks/40_kvalita.qmd","d3551ffa8c12fc67315528a8a5f43867e5da3f705195311dbe54af7249d5ab34",20260714,"2026-09-08"
"shoda_dopad_ac1_ci_lo",0.6799,"analyzy/notebooks/40_kvalita.qmd","d3551ffa8c12fc67315528a8a5f43867e5da3f705195311dbe54af7249d5ab34",20260714,"2026-09-08"
"shoda_dopad_ac1_ci_hi",0.7738,"analyzy/notebooks/40_kvalita.qmd","d3551ffa8c12fc67315528a8a5f43867e5da3f705195311dbe54af7249d5ab34",20260714,"2026-09-08"
"shoda_vhodnost_n",603,"analyzy/notebooks/40_kvalita.qmd","d3551ffa8c12fc67315528a8a5f43867e5da3f705195311dbe54af7249d5ab34",20260714,"2026-09-08"
"shoda_vhodnost_presna",0.5788,"analyzy/notebooks/40_kvalita.qmd","d3551ffa8c12fc67315528a8a5f43867e5da3f705195311dbe54af7249d5ab34",20260714,"2026-09-08"
"shoda_vhodnost_presna_ci_lo",0.5423,"analyzy/notebooks/40_kvalita.qmd","d3551ffa8c12fc67315528a8a5f43867e5da3f705195311dbe54af7249d5ab34",20260714,"2026-09-08"
"shoda_vhodnost_presna_ci_hi",0.6202,"analyzy/notebooks/40_kvalita.qmd","d3551ffa8c12fc67315528a8a5f43867e5da3f705195311dbe54af7249d5ab34",20260714,"2026-09-08"
"shoda_vhodnost_pm1",0.9801,"analyzy/notebooks/40_kvalita.qmd","d3551ffa8c12fc67315528a8a5f43867e5da3f705195311dbe54af7249d5ab34",20260714,"2026-09-08"
"shoda_vhodnost_wkappa",0.5188,"analyzy/notebooks/40_kvalita.qmd","d3551ffa8c12fc67315528a8a5f43867e5da3f705195311dbe54af7249d5ab34",20260714,"2026-09-08"
"shoda_vhodnost_wkappa_ci_lo",0.455,"analyzy/notebooks/40_kvalita.qmd","d3551ffa8c12fc67315528a8a5f43867e5da3f705195311dbe54af7249d5ab34",20260714,"2026-09-08"
"shoda_vhodnost_wkappa_ci_hi",0.5826,"analyzy/notebooks/40_kvalita.qmd","d3551ffa8c12fc67315528a8a5f43867e5da3f705195311dbe54af7249d5ab34",20260714,"2026-09-08"
"shoda_vhodnost_alpha_ord",0.5009,"analyzy/notebooks/40_kvalita.qmd","d3551ffa8c12fc67315528a8a5f43867e5da3f705195311dbe54af7249d5ab34",20260714,"2026-09-08"
"shoda_vhodnost_alpha_ord_ci_lo",0.4409,"analyzy/notebooks/40_kvalita.qmd","d3551ffa8c12fc67315528a8a5f43867e5da3f705195311dbe54af7249d5ab34",20260714,"2026-09-08"
"shoda_vhodnost_alpha_ord_ci_hi",0.5651,"analyzy/notebooks/40_kvalita.qmd","d3551ffa8c12fc67315528a8a5f43867e5da3f705195311dbe54af7249d5ab34",20260714,"2026-09-08"
"shoda_vhodnost_ac1",0.4729,"analyzy/notebooks/40_kvalita.qmd","d3551ffa8c12fc67315528a8a5f43867e5da3f705195311dbe54af7249d5ab34",20260714,"2026-09-08"
"shoda_vhodnost_ac2",0.8705,"analyzy/notebooks/40_kvalita.qmd","d3551ffa8c12fc67315528a8a5f43867e5da3f705195311dbe54af7249d5ab34",20260714,"2026-09-08"
"shoda_vhodnost_ac1_ci_lo",0.4253,"analyzy/notebooks/40_kvalita.qmd","d3551ffa8c12fc67315528a8a5f43867e5da3f705195311dbe54af7249d5ab34",20260714,"2026-09-08"
"shoda_vhodnost_ac1_ci_hi",0.5243,"analyzy/notebooks/40_kvalita.qmd","d3551ffa8c12fc67315528a8a5f43867e5da3f705195311dbe54af7249d5ab34",20260714,"2026-09-08"
"shoda_vhodnost_A2_vyssi",149,"analyzy/notebooks/40_kvalita.qmd","d3551ffa8c12fc67315528a8a5f43867e5da3f705195311dbe54af7249d5ab34",20260714,"2026-09-08"
"shoda_vhodnost_A12_vyssi",105,"analyzy/notebooks/40_kvalita.qmd","d3551ffa8c12fc67315528a8a5f43867e5da3f705195311dbe54af7249d5ab34",20260714,"2026-09-08"
"shoda_vhodnost_prumer_A12",3.3035,"analyzy/notebooks/40_kvalita.qmd","d3551ffa8c12fc67315528a8a5f43867e5da3f705195311dbe54af7249d5ab34",20260714,"2026-09-08"
"shoda_vhodnost_prumer_A2",3.3715,"analyzy/notebooks/40_kvalita.qmd","d3551ffa8c12fc67315528a8a5f43867e5da3f705195311dbe54af7249d5ab34",20260714,"2026-09-08"
"shoda_vhodnost_rozdil_prumer",0.068,"analyzy/notebooks/40_kvalita.qmd","d3551ffa8c12fc67315528a8a5f43867e5da3f705195311dbe54af7249d5ab34",20260714,"2026-09-08"
"shoda_vhodnost_rozdil_ci_lo",0.01,"analyzy/notebooks/40_kvalita.qmd","d3551ffa8c12fc67315528a8a5f43867e5da3f705195311dbe54af7249d5ab34",20260714,"2026-09-08"
"shoda_vhodnost_rozdil_ci_hi",0.1227,"analyzy/notebooks/40_kvalita.qmd","d3551ffa8c12fc67315528a8a5f43867e5da3f705195311dbe54af7249d5ab34",20260714,"2026-09-08"
"plny_kvalita_n",693,"analyzy/notebooks/40_kvalita.qmd","d3551ffa8c12fc67315528a8a5f43867e5da3f705195311dbe54af7249d5ab34",20260714,"2026-09-08"
"plny_kvalita_presna",0.9683,"analyzy/notebooks/40_kvalita.qmd","d3551ffa8c12fc67315528a8a5f43867e5da3f705195311dbe54af7249d5ab34",20260714,"2026-09-08"
"plny_kvalita_presna_ci_lo",0.9553,"analyzy/notebooks/40_kvalita.qmd","d3551ffa8c12fc67315528a8a5f43867e5da3f705195311dbe54af7249d5ab34",20260714,"2026-09-08"
"plny_kvalita_presna_ci_hi",0.9812,"analyzy/notebooks/40_kvalita.qmd","d3551ffa8c12fc67315528a8a5f43867e5da3f705195311dbe54af7249d5ab34",20260714,"2026-09-08"
"plny_kvalita_kappa",0.6695,"analyzy/notebooks/40_kvalita.qmd","d3551ffa8c12fc67315528a8a5f43867e5da3f705195311dbe54af7249d5ab34",20260714,"2026-09-08"
"plny_kvalita_kappa_ci_lo",0.5273,"analyzy/notebooks/40_kvalita.qmd","d3551ffa8c12fc67315528a8a5f43867e5da3f705195311dbe54af7249d5ab34",20260714,"2026-09-08"
"plny_kvalita_kappa_ci_hi",0.7898,"analyzy/notebooks/40_kvalita.qmd","d3551ffa8c12fc67315528a8a5f43867e5da3f705195311dbe54af7249d5ab34",20260714,"2026-09-08"
"plny_kvalita_alpha",0.6692,"analyzy/notebooks/40_kvalita.qmd","d3551ffa8c12fc67315528a8a5f43867e5da3f705195311dbe54af7249d5ab34",20260714,"2026-09-08"
"plny_kvalita_alpha_ci_lo",0.5261,"analyzy/notebooks/40_kvalita.qmd","d3551ffa8c12fc67315528a8a5f43867e5da3f705195311dbe54af7249d5ab34",20260714,"2026-09-08"
"plny_kvalita_alpha_ci_hi",0.7896,"analyzy/notebooks/40_kvalita.qmd","d3551ffa8c12fc67315528a8a5f43867e5da3f705195311dbe54af7249d5ab34",20260714,"2026-09-08"
"plny_kvalita_ac1",0.9649,"analyzy/notebooks/40_kvalita.qmd","d3551ffa8c12fc67315528a8a5f43867e5da3f705195311dbe54af7249d5ab34",20260714,"2026-09-08"
"plny_kvalita_ac1_ci_lo",0.9502,"analyzy/notebooks/40_kvalita.qmd","d3551ffa8c12fc67315528a8a5f43867e5da3f705195311dbe54af7249d5ab34",20260714,"2026-09-08"
"plny_kvalita_ac1_ci_hi",0.9793,"analyzy/notebooks/40_kvalita.qmd","d3551ffa8c12fc67315528a8a5f43867e5da3f705195311dbe54af7249d5ab34",20260714,"2026-09-08"
"plny_dopad_n",663,"analyzy/notebooks/40_kvalita.qmd","d3551ffa8c12fc67315528a8a5f43867e5da3f705195311dbe54af7249d5ab34",20260714,"2026-09-08"
"plny_dopad_presna",0.8009,"analyzy/notebooks/40_kvalita.qmd","d3551ffa8c12fc67315528a8a5f43867e5da3f705195311dbe54af7249d5ab34",20260714,"2026-09-08"
"plny_dopad_presna_ci_lo",0.7692,"analyzy/notebooks/40_kvalita.qmd","d3551ffa8c12fc67315528a8a5f43867e5da3f705195311dbe54af7249d5ab34",20260714,"2026-09-08"
"plny_dopad_presna_ci_hi",0.8296,"analyzy/notebooks/40_kvalita.qmd","d3551ffa8c12fc67315528a8a5f43867e5da3f705195311dbe54af7249d5ab34",20260714,"2026-09-08"
"plny_dopad_kappa",0.6739,"analyzy/notebooks/40_kvalita.qmd","d3551ffa8c12fc67315528a8a5f43867e5da3f705195311dbe54af7249d5ab34",20260714,"2026-09-08"
"plny_dopad_kappa_ci_lo",0.6236,"analyzy/notebooks/40_kvalita.qmd","d3551ffa8c12fc67315528a8a5f43867e5da3f705195311dbe54af7249d5ab34",20260714,"2026-09-08"
"plny_dopad_kappa_ci_hi",0.7211,"analyzy/notebooks/40_kvalita.qmd","d3551ffa8c12fc67315528a8a5f43867e5da3f705195311dbe54af7249d5ab34",20260714,"2026-09-08"
"plny_dopad_alpha",0.6735,"analyzy/notebooks/40_kvalita.qmd","d3551ffa8c12fc67315528a8a5f43867e5da3f705195311dbe54af7249d5ab34",20260714,"2026-09-08"
"plny_dopad_alpha_ci_lo",0.6229,"analyzy/notebooks/40_kvalita.qmd","d3551ffa8c12fc67315528a8a5f43867e5da3f705195311dbe54af7249d5ab34",20260714,"2026-09-08"
"plny_dopad_alpha_ci_hi",0.7208,"analyzy/notebooks/40_kvalita.qmd","d3551ffa8c12fc67315528a8a5f43867e5da3f705195311dbe54af7249d5ab34",20260714,"2026-09-08"
"plny_dopad_ac1",0.7137,"analyzy/notebooks/40_kvalita.qmd","d3551ffa8c12fc67315528a8a5f43867e5da3f705195311dbe54af7249d5ab34",20260714,"2026-09-08"
"plny_dopad_ac1_ci_lo",0.668,"analyzy/notebooks/40_kvalita.qmd","d3551ffa8c12fc67315528a8a5f43867e5da3f705195311dbe54af7249d5ab34",20260714,"2026-09-08"
"plny_dopad_ac1_ci_hi",0.7554,"analyzy/notebooks/40_kvalita.qmd","d3551ffa8c12fc67315528a8a5f43867e5da3f705195311dbe54af7249d5ab34",20260714,"2026-09-08"
"plny_vhodnost_n",664,"analyzy/notebooks/40_kvalita.qmd","d3551ffa8c12fc67315528a8a5f43867e5da3f705195311dbe54af7249d5ab34",20260714,"2026-09-08"
"plny_vhodnost_presna",0.5813,"analyzy/notebooks/40_kvalita.qmd","d3551ffa8c12fc67315528a8a5f43867e5da3f705195311dbe54af7249d5ab34",20260714,"2026-09-08"
"plny_vhodnost_presna_ci_lo",0.5437,"analyzy/notebooks/40_kvalita.qmd","d3551ffa8c12fc67315528a8a5f43867e5da3f705195311dbe54af7249d5ab34",20260714,"2026-09-08"
"plny_vhodnost_presna_ci_hi",0.6175,"analyzy/notebooks/40_kvalita.qmd","d3551ffa8c12fc67315528a8a5f43867e5da3f705195311dbe54af7249d5ab34",20260714,"2026-09-08"
"plny_vhodnost_pm1",0.9789,"analyzy/notebooks/40_kvalita.qmd","d3551ffa8c12fc67315528a8a5f43867e5da3f705195311dbe54af7249d5ab34",20260714,"2026-09-08"
"plny_vhodnost_wkappa",0.5314,"analyzy/notebooks/40_kvalita.qmd","d3551ffa8c12fc67315528a8a5f43867e5da3f705195311dbe54af7249d5ab34",20260714,"2026-09-08"
"plny_vhodnost_wkappa_ci_lo",0.4695,"analyzy/notebooks/40_kvalita.qmd","d3551ffa8c12fc67315528a8a5f43867e5da3f705195311dbe54af7249d5ab34",20260714,"2026-09-08"
"plny_vhodnost_wkappa_ci_hi",0.5808,"analyzy/notebooks/40_kvalita.qmd","d3551ffa8c12fc67315528a8a5f43867e5da3f705195311dbe54af7249d5ab34",20260714,"2026-09-08"
"plny_vhodnost_alpha_ord",0.5101,"analyzy/notebooks/40_kvalita.qmd","d3551ffa8c12fc67315528a8a5f43867e5da3f705195311dbe54af7249d5ab34",20260714,"2026-09-08"
"plny_vhodnost_alpha_ord_ci_lo",0.4469,"analyzy/notebooks/40_kvalita.qmd","d3551ffa8c12fc67315528a8a5f43867e5da3f705195311dbe54af7249d5ab34",20260714,"2026-09-08"
"plny_vhodnost_alpha_ord_ci_hi",0.5611,"analyzy/notebooks/40_kvalita.qmd","d3551ffa8c12fc67315528a8a5f43867e5da3f705195311dbe54af7249d5ab34",20260714,"2026-09-08"
"plny_vhodnost_ac1",0.4753,"analyzy/notebooks/40_kvalita.qmd","d3551ffa8c12fc67315528a8a5f43867e5da3f705195311dbe54af7249d5ab34",20260714,"2026-09-08"
"plny_vhodnost_ac2",0.8694,"analyzy/notebooks/40_kvalita.qmd","d3551ffa8c12fc67315528a8a5f43867e5da3f705195311dbe54af7249d5ab34",20260714,"2026-09-08"
"plny_vhodnost_ac1_ci_lo",0.4275,"analyzy/notebooks/40_kvalita.qmd","d3551ffa8c12fc67315528a8a5f43867e5da3f705195311dbe54af7249d5ab34",20260714,"2026-09-08"
"plny_vhodnost_ac1_ci_hi",0.5223,"analyzy/notebooks/40_kvalita.qmd","d3551ffa8c12fc67315528a8a5f43867e5da3f705195311dbe54af7249d5ab34",20260714,"2026-09-08"
"plny_vhodnost_A2_vyssi",171,"analyzy/notebooks/40_kvalita.qmd","d3551ffa8c12fc67315528a8a5f43867e5da3f705195311dbe54af7249d5ab34",20260714,"2026-09-08"
"plny_vhodnost_A12_vyssi",107,"analyzy/notebooks/40_kvalita.qmd","d3551ffa8c12fc67315528a8a5f43867e5da3f705195311dbe54af7249d5ab34",20260714,"2026-09-08"
"plny_vhodnost_prumer_A12",3.2801,"analyzy/notebooks/40_kvalita.qmd","d3551ffa8c12fc67315528a8a5f43867e5da3f705195311dbe54af7249d5ab34",20260714,"2026-09-08"
"plny_vhodnost_prumer_A2",3.375,"analyzy/notebooks/40_kvalita.qmd","d3551ffa8c12fc67315528a8a5f43867e5da3f705195311dbe54af7249d5ab34",20260714,"2026-09-08"
"plny_vhodnost_rozdil_prumer",0.0949,"analyzy/notebooks/40_kvalita.qmd","d3551ffa8c12fc67315528a8a5f43867e5da3f705195311dbe54af7249d5ab34",20260714,"2026-09-08"
"plny_vhodnost_rozdil_ci_lo",0.0452,"analyzy/notebooks/40_kvalita.qmd","d3551ffa8c12fc67315528a8a5f43867e5da3f705195311dbe54af7249d5ab34",20260714,"2026-09-08"
"plny_vhodnost_rozdil_ci_hi",0.1446,"analyzy/notebooks/40_kvalita.qmd","d3551ffa8c12fc67315528a8a5f43867e5da3f705195311dbe54af7249d5ab34",20260714,"2026-09-08"
"cervenec_prekryv_n",239,"analyzy/notebooks/40_kvalita.qmd","d3551ffa8c12fc67315528a8a5f43867e5da3f705195311dbe54af7249d5ab34",20260714,"2026-09-08"
"cervenec_vhodnost_n",234,"analyzy/notebooks/40_kvalita.qmd","d3551ffa8c12fc67315528a8a5f43867e5da3f705195311dbe54af7249d5ab34",20260714,"2026-09-08"
"cervenec_vhodnost_presna",0.453,"analyzy/notebooks/40_kvalita.qmd","d3551ffa8c12fc67315528a8a5f43867e5da3f705195311dbe54af7249d5ab34",20260714,"2026-09-08"
"cervenec_vhodnost_wkappa",0.4154,"analyzy/notebooks/40_kvalita.qmd","d3551ffa8c12fc67315528a8a5f43867e5da3f705195311dbe54af7249d5ab34",20260714,"2026-09-08"
"cervenec_vhodnost_ac1",0.3077,"analyzy/notebooks/40_kvalita.qmd","d3551ffa8c12fc67315528a8a5f43867e5da3f705195311dbe54af7249d5ab34",20260714,"2026-09-08"
"cervenec_dopad_n",233,"analyzy/notebooks/40_kvalita.qmd","d3551ffa8c12fc67315528a8a5f43867e5da3f705195311dbe54af7249d5ab34",20260714,"2026-09-08"
"cervenec_dopad_presna",0.7768,"analyzy/notebooks/40_kvalita.qmd","d3551ffa8c12fc67315528a8a5f43867e5da3f705195311dbe54af7249d5ab34",20260714,"2026-09-08"
"cervenec_dopad_kappa",0.6298,"analyzy/notebooks/40_kvalita.qmd","d3551ffa8c12fc67315528a8a5f43867e5da3f705195311dbe54af7249d5ab34",20260714,"2026-09-08"
"cervenec_kvalita_n",239,"analyzy/notebooks/40_kvalita.qmd","d3551ffa8c12fc67315528a8a5f43867e5da3f705195311dbe54af7249d5ab34",20260714,"2026-09-08"
"cervenec_kvalita_presna",0.954,"analyzy/notebooks/40_kvalita.qmd","d3551ffa8c12fc67315528a8a5f43867e5da3f705195311dbe54af7249d5ab34",20260714,"2026-09-08"
"cervenec_kvalita_ac1",0.9506,"analyzy/notebooks/40_kvalita.qmd","d3551ffa8c12fc67315528a8a5f43867e5da3f705195311dbe54af7249d5ab34",20260714,"2026-09-08"
"cervenec_vhodnost_A2_vyssi",120,"analyzy/notebooks/40_kvalita.qmd","d3551ffa8c12fc67315528a8a5f43867e5da3f705195311dbe54af7249d5ab34",20260714,"2026-09-08"
"cervenec_vhodnost_neshod",128,"analyzy/notebooks/40_kvalita.qmd","d3551ffa8c12fc67315528a8a5f43867e5da3f705195311dbe54af7249d5ab34",20260714,"2026-09-08"
"cervenec_vhodnost_prumer_A2",3.49,"analyzy/notebooks/40_kvalita.qmd","d3551ffa8c12fc67315528a8a5f43867e5da3f705195311dbe54af7249d5ab34",20260714,"2026-09-08"
"cervenec_vhodnost_prumer_A12",2.95,"analyzy/notebooks/40_kvalita.qmd","d3551ffa8c12fc67315528a8a5f43867e5da3f705195311dbe54af7249d5ab34",20260714,"2026-09-08"
"kvartil1_kvalita_presna",0.9655,"analyzy/notebooks/40_kvalita.qmd","d3551ffa8c12fc67315528a8a5f43867e5da3f705195311dbe54af7249d5ab34",20260714,"2026-09-08"
"kvartil1_dopad_presna",0.807,"analyzy/notebooks/40_kvalita.qmd","d3551ffa8c12fc67315528a8a5f43867e5da3f705195311dbe54af7249d5ab34",20260714,"2026-09-08"
"kvartil1_vhodnost_presna",0.4854,"analyzy/notebooks/40_kvalita.qmd","d3551ffa8c12fc67315528a8a5f43867e5da3f705195311dbe54af7249d5ab34",20260714,"2026-09-08"
"kvartil2_kvalita_presna",0.9595,"analyzy/notebooks/40_kvalita.qmd","d3551ffa8c12fc67315528a8a5f43867e5da3f705195311dbe54af7249d5ab34",20260714,"2026-09-08"
"kvartil2_dopad_presna",0.7633,"analyzy/notebooks/40_kvalita.qmd","d3551ffa8c12fc67315528a8a5f43867e5da3f705195311dbe54af7249d5ab34",20260714,"2026-09-08"
"kvartil2_vhodnost_presna",0.6176,"analyzy/notebooks/40_kvalita.qmd","d3551ffa8c12fc67315528a8a5f43867e5da3f705195311dbe54af7249d5ab34",20260714,"2026-09-08"
"kvartil3_kvalita_presna",0.948,"analyzy/notebooks/40_kvalita.qmd","d3551ffa8c12fc67315528a8a5f43867e5da3f705195311dbe54af7249d5ab34",20260714,"2026-09-08"
"kvartil3_dopad_presna",0.7815,"analyzy/notebooks/40_kvalita.qmd","d3551ffa8c12fc67315528a8a5f43867e5da3f705195311dbe54af7249d5ab34",20260714,"2026-09-08"
"kvartil3_vhodnost_presna",0.6821,"analyzy/notebooks/40_kvalita.qmd","d3551ffa8c12fc67315528a8a5f43867e5da3f705195311dbe54af7249d5ab34",20260714,"2026-09-08"
"kvartil4_kvalita_presna",1,"analyzy/notebooks/40_kvalita.qmd","d3551ffa8c12fc67315528a8a5f43867e5da3f705195311dbe54af7249d5ab34",20260714,"2026-09-08"
"kvartil4_dopad_presna",0.8488,"analyzy/notebooks/40_kvalita.qmd","d3551ffa8c12fc67315528a8a5f43867e5da3f705195311dbe54af7249d5ab34",20260714,"2026-09-08"
"kvartil4_vhodnost_presna",0.5523,"analyzy/notebooks/40_kvalita.qmd","d3551ffa8c12fc67315528a8a5f43867e5da3f705195311dbe54af7249d5ab34",20260714,"2026-09-08"
"segmenty_dostupne",1,"analyzy/notebooks/40_kvalita.qmd","d3551ffa8c12fc67315528a8a5f43867e5da3f705195311dbe54af7249d5ab34",20260714,"2026-09-08"
"seg_beze_zmeny_n",1249,"analyzy/notebooks/40_kvalita.qmd","d3551ffa8c12fc67315528a8a5f43867e5da3f705195311dbe54af7249d5ab34",20260714,"2026-09-08"
"seg_jen_finale_n",2598,"analyzy/notebooks/40_kvalita.qmd","d3551ffa8c12fc67315528a8a5f43867e5da3f705195311dbe54af7249d5ab34",20260714,"2026-09-08"
"seg_zmeneno_n",38,"analyzy/notebooks/40_kvalita.qmd","d3551ffa8c12fc67315528a8a5f43867e5da3f705195311dbe54af7249d5ab34",20260714,"2026-09-08"
"seg_zmeneno_A12",35,"analyzy/notebooks/40_kvalita.qmd","d3551ffa8c12fc67315528a8a5f43867e5da3f705195311dbe54af7249d5ab34",20260714,"2026-09-08"
"seg_zmeneno_A2",3,"analyzy/notebooks/40_kvalita.qmd","d3551ffa8c12fc67315528a8a5f43867e5da3f705195311dbe54af7249d5ab34",20260714,"2026-09-08"
"seg_zmeneno_kvalita",3,"analyzy/notebooks/40_kvalita.qmd","d3551ffa8c12fc67315528a8a5f43867e5da3f705195311dbe54af7249d5ab34",20260714,"2026-09-08"
"seg_zmeneno_dopad",8,"analyzy/notebooks/40_kvalita.qmd","d3551ffa8c12fc67315528a8a5f43867e5da3f705195311dbe54af7249d5ab34",20260714,"2026-09-08"
"seg_zmeneno_vhodnost",31,"analyzy/notebooks/40_kvalita.qmd","d3551ffa8c12fc67315528a8a5f43867e5da3f705195311dbe54af7249d5ab34",20260714,"2026-09-08"
"seg_zmeneno_projednano",37,"analyzy/notebooks/40_kvalita.qmd","d3551ffa8c12fc67315528a8a5f43867e5da3f705195311dbe54af7249d5ab34",20260714,"2026-09-08"
"seg_cervenec_radku_A12",239,"analyzy/notebooks/40_kvalita.qmd","d3551ffa8c12fc67315528a8a5f43867e5da3f705195311dbe54af7249d5ab34",20260714,"2026-09-08"
"seg_cervenec_radku_A2",1048,"analyzy/notebooks/40_kvalita.qmd","d3551ffa8c12fc67315528a8a5f43867e5da3f705195311dbe54af7249d5ab34",20260714,"2026-09-08"
"seg_prekryv_A2_cervenec",693,"analyzy/notebooks/40_kvalita.qmd","d3551ffa8c12fc67315528a8a5f43867e5da3f705195311dbe54af7249d5ab34",20260714,"2026-09-08"
"seg_prekryv_A2_po",0,"analyzy/notebooks/40_kvalita.qmd","d3551ffa8c12fc67315528a8a5f43867e5da3f705195311dbe54af7249d5ab34",20260714,"2026-09-08"
"seg_prekryv_A12_po",454,"analyzy/notebooks/40_kvalita.qmd","d3551ffa8c12fc67315528a8a5f43867e5da3f705195311dbe54af7249d5ab34",20260714,"2026-09-08"
"seg_prekryv_A12_zmeneno",35,"analyzy/notebooks/40_kvalita.qmd","d3551ffa8c12fc67315528a8a5f43867e5da3f705195311dbe54af7249d5ab34",20260714,"2026-09-08"
"seg_pred_n",203,"analyzy/notebooks/40_kvalita.qmd","d3551ffa8c12fc67315528a8a5f43867e5da3f705195311dbe54af7249d5ab34",20260714,"2026-09-08"
"seg_po_n",454,"analyzy/notebooks/40_kvalita.qmd","d3551ffa8c12fc67315528a8a5f43867e5da3f705195311dbe54af7249d5ab34",20260714,"2026-09-08"
"segpred_kvalita_n",203,"analyzy/notebooks/40_kvalita.qmd","d3551ffa8c12fc67315528a8a5f43867e5da3f705195311dbe54af7249d5ab34",20260714,"2026-09-08"
"segpred_kvalita_presna",0.9557,"analyzy/notebooks/40_kvalita.qmd","d3551ffa8c12fc67315528a8a5f43867e5da3f705195311dbe54af7249d5ab34",20260714,"2026-09-08"
"segpred_kvalita_presna_ci_lo",0.9261,"analyzy/notebooks/40_kvalita.qmd","d3551ffa8c12fc67315528a8a5f43867e5da3f705195311dbe54af7249d5ab34",20260714,"2026-09-08"
"segpred_kvalita_presna_ci_hi",0.9803,"analyzy/notebooks/40_kvalita.qmd","d3551ffa8c12fc67315528a8a5f43867e5da3f705195311dbe54af7249d5ab34",20260714,"2026-09-08"
"segpred_kvalita_kappa",0.3821,"analyzy/notebooks/40_kvalita.qmd","d3551ffa8c12fc67315528a8a5f43867e5da3f705195311dbe54af7249d5ab34",20260714,"2026-09-08"
"segpred_kvalita_kappa_ci_lo",-0.0083,"analyzy/notebooks/40_kvalita.qmd","d3551ffa8c12fc67315528a8a5f43867e5da3f705195311dbe54af7249d5ab34",20260714,"2026-09-08"
"segpred_kvalita_kappa_ci_hi",0.6942,"analyzy/notebooks/40_kvalita.qmd","d3551ffa8c12fc67315528a8a5f43867e5da3f705195311dbe54af7249d5ab34",20260714,"2026-09-08"
"segpred_kvalita_alpha",0.3785,"analyzy/notebooks/40_kvalita.qmd","d3551ffa8c12fc67315528a8a5f43867e5da3f705195311dbe54af7249d5ab34",20260714,"2026-09-08"
"segpred_kvalita_alpha_ci_lo",-0.0202,"analyzy/notebooks/40_kvalita.qmd","d3551ffa8c12fc67315528a8a5f43867e5da3f705195311dbe54af7249d5ab34",20260714,"2026-09-08"
"segpred_kvalita_alpha_ci_hi",0.6938,"analyzy/notebooks/40_kvalita.qmd","d3551ffa8c12fc67315528a8a5f43867e5da3f705195311dbe54af7249d5ab34",20260714,"2026-09-08"
"segpred_kvalita_ac1",0.9523,"analyzy/notebooks/40_kvalita.qmd","d3551ffa8c12fc67315528a8a5f43867e5da3f705195311dbe54af7249d5ab34",20260714,"2026-09-08"
"segpred_kvalita_ac1_ci_lo",0.9164,"analyzy/notebooks/40_kvalita.qmd","d3551ffa8c12fc67315528a8a5f43867e5da3f705195311dbe54af7249d5ab34",20260714,"2026-09-08"
"segpred_kvalita_ac1_ci_hi",0.9797,"analyzy/notebooks/40_kvalita.qmd","d3551ffa8c12fc67315528a8a5f43867e5da3f705195311dbe54af7249d5ab34",20260714,"2026-09-08"
"segpred_dopad_n",198,"analyzy/notebooks/40_kvalita.qmd","d3551ffa8c12fc67315528a8a5f43867e5da3f705195311dbe54af7249d5ab34",20260714,"2026-09-08"
"segpred_dopad_presna",0.7929,"analyzy/notebooks/40_kvalita.qmd","d3551ffa8c12fc67315528a8a5f43867e5da3f705195311dbe54af7249d5ab34",20260714,"2026-09-08"
"segpred_dopad_presna_ci_lo",0.7374,"analyzy/notebooks/40_kvalita.qmd","d3551ffa8c12fc67315528a8a5f43867e5da3f705195311dbe54af7249d5ab34",20260714,"2026-09-08"
"segpred_dopad_presna_ci_hi",0.8434,"analyzy/notebooks/40_kvalita.qmd","d3551ffa8c12fc67315528a8a5f43867e5da3f705195311dbe54af7249d5ab34",20260714,"2026-09-08"
"segpred_dopad_kappa",0.6429,"analyzy/notebooks/40_kvalita.qmd","d3551ffa8c12fc67315528a8a5f43867e5da3f705195311dbe54af7249d5ab34",20260714,"2026-09-08"
"segpred_dopad_kappa_ci_lo",0.5441,"analyzy/notebooks/40_kvalita.qmd","d3551ffa8c12fc67315528a8a5f43867e5da3f705195311dbe54af7249d5ab34",20260714,"2026-09-08"
"segpred_dopad_kappa_ci_hi",0.7318,"analyzy/notebooks/40_kvalita.qmd","d3551ffa8c12fc67315528a8a5f43867e5da3f705195311dbe54af7249d5ab34",20260714,"2026-09-08"
"segpred_dopad_alpha",0.6398,"analyzy/notebooks/40_kvalita.qmd","d3551ffa8c12fc67315528a8a5f43867e5da3f705195311dbe54af7249d5ab34",20260714,"2026-09-08"
"segpred_dopad_alpha_ci_lo",0.5359,"analyzy/notebooks/40_kvalita.qmd","d3551ffa8c12fc67315528a8a5f43867e5da3f705195311dbe54af7249d5ab34",20260714,"2026-09-08"
"segpred_dopad_alpha_ci_hi",0.7305,"analyzy/notebooks/40_kvalita.qmd","d3551ffa8c12fc67315528a8a5f43867e5da3f705195311dbe54af7249d5ab34",20260714,"2026-09-08"
"segpred_dopad_ac1",0.7097,"analyzy/notebooks/40_kvalita.qmd","d3551ffa8c12fc67315528a8a5f43867e5da3f705195311dbe54af7249d5ab34",20260714,"2026-09-08"
"segpred_dopad_ac1_ci_lo",0.6299,"analyzy/notebooks/40_kvalita.qmd","d3551ffa8c12fc67315528a8a5f43867e5da3f705195311dbe54af7249d5ab34",20260714,"2026-09-08"
"segpred_dopad_ac1_ci_hi",0.7843,"analyzy/notebooks/40_kvalita.qmd","d3551ffa8c12fc67315528a8a5f43867e5da3f705195311dbe54af7249d5ab34",20260714,"2026-09-08"
"segpred_vhodnost_n",199,"analyzy/notebooks/40_kvalita.qmd","d3551ffa8c12fc67315528a8a5f43867e5da3f705195311dbe54af7249d5ab34",20260714,"2026-09-08"
"segpred_vhodnost_presna",0.5176,"analyzy/notebooks/40_kvalita.qmd","d3551ffa8c12fc67315528a8a5f43867e5da3f705195311dbe54af7249d5ab34",20260714,"2026-09-08"
"segpred_vhodnost_presna_ci_lo",0.4422,"analyzy/notebooks/40_kvalita.qmd","d3551ffa8c12fc67315528a8a5f43867e5da3f705195311dbe54af7249d5ab34",20260714,"2026-09-08"
"segpred_vhodnost_presna_ci_hi",0.578,"analyzy/notebooks/40_kvalita.qmd","d3551ffa8c12fc67315528a8a5f43867e5da3f705195311dbe54af7249d5ab34",20260714,"2026-09-08"
"segpred_vhodnost_pm1",0.9899,"analyzy/notebooks/40_kvalita.qmd","d3551ffa8c12fc67315528a8a5f43867e5da3f705195311dbe54af7249d5ab34",20260714,"2026-09-08"
"segpred_vhodnost_wkappa",0.5455,"analyzy/notebooks/40_kvalita.qmd","d3551ffa8c12fc67315528a8a5f43867e5da3f705195311dbe54af7249d5ab34",20260714,"2026-09-08"
"segpred_vhodnost_wkappa_ci_lo",0.4621,"analyzy/notebooks/40_kvalita.qmd","d3551ffa8c12fc67315528a8a5f43867e5da3f705195311dbe54af7249d5ab34",20260714,"2026-09-08"
"segpred_vhodnost_wkappa_ci_hi",0.6165,"analyzy/notebooks/40_kvalita.qmd","d3551ffa8c12fc67315528a8a5f43867e5da3f705195311dbe54af7249d5ab34",20260714,"2026-09-08"
"segpred_vhodnost_alpha_ord",0.4951,"analyzy/notebooks/40_kvalita.qmd","d3551ffa8c12fc67315528a8a5f43867e5da3f705195311dbe54af7249d5ab34",20260714,"2026-09-08"
"segpred_vhodnost_alpha_ord_ci_lo",0.39,"analyzy/notebooks/40_kvalita.qmd","d3551ffa8c12fc67315528a8a5f43867e5da3f705195311dbe54af7249d5ab34",20260714,"2026-09-08"
"segpred_vhodnost_alpha_ord_ci_hi",0.59,"analyzy/notebooks/40_kvalita.qmd","d3551ffa8c12fc67315528a8a5f43867e5da3f705195311dbe54af7249d5ab34",20260714,"2026-09-08"
"segpred_vhodnost_ac1",0.3933,"analyzy/notebooks/40_kvalita.qmd","d3551ffa8c12fc67315528a8a5f43867e5da3f705195311dbe54af7249d5ab34",20260714,"2026-09-08"
"segpred_vhodnost_ac2",0.8605,"analyzy/notebooks/40_kvalita.qmd","d3551ffa8c12fc67315528a8a5f43867e5da3f705195311dbe54af7249d5ab34",20260714,"2026-09-08"
"segpred_vhodnost_ac1_ci_lo",0.2974,"analyzy/notebooks/40_kvalita.qmd","d3551ffa8c12fc67315528a8a5f43867e5da3f705195311dbe54af7249d5ab34",20260714,"2026-09-08"
"segpred_vhodnost_ac1_ci_hi",0.4721,"analyzy/notebooks/40_kvalita.qmd","d3551ffa8c12fc67315528a8a5f43867e5da3f705195311dbe54af7249d5ab34",20260714,"2026-09-08"
"segpred_vhodnost_A2_vyssi",90,"analyzy/notebooks/40_kvalita.qmd","d3551ffa8c12fc67315528a8a5f43867e5da3f705195311dbe54af7249d5ab34",20260714,"2026-09-08"
"segpred_vhodnost_A12_vyssi",6,"analyzy/notebooks/40_kvalita.qmd","d3551ffa8c12fc67315528a8a5f43867e5da3f705195311dbe54af7249d5ab34",20260714,"2026-09-08"
"segpred_vhodnost_prumer_A12",3.0402,"analyzy/notebooks/40_kvalita.qmd","d3551ffa8c12fc67315528a8a5f43867e5da3f705195311dbe54af7249d5ab34",20260714,"2026-09-08"
"segpred_vhodnost_prumer_A2",3.4724,"analyzy/notebooks/40_kvalita.qmd","d3551ffa8c12fc67315528a8a5f43867e5da3f705195311dbe54af7249d5ab34",20260714,"2026-09-08"
"segpred_vhodnost_rozdil_prumer",0.4322,"analyzy/notebooks/40_kvalita.qmd","d3551ffa8c12fc67315528a8a5f43867e5da3f705195311dbe54af7249d5ab34",20260714,"2026-09-08"
"segpred_vhodnost_rozdil_ci_lo",0.3568,"analyzy/notebooks/40_kvalita.qmd","d3551ffa8c12fc67315528a8a5f43867e5da3f705195311dbe54af7249d5ab34",20260714,"2026-09-08"
"segpred_vhodnost_rozdil_ci_hi",0.5075,"analyzy/notebooks/40_kvalita.qmd","d3551ffa8c12fc67315528a8a5f43867e5da3f705195311dbe54af7249d5ab34",20260714,"2026-09-08"
"segpo_kvalita_n",454,"analyzy/notebooks/40_kvalita.qmd","d3551ffa8c12fc67315528a8a5f43867e5da3f705195311dbe54af7249d5ab34",20260714,"2026-09-08"
"segpo_kvalita_presna",0.9714,"analyzy/notebooks/40_kvalita.qmd","d3551ffa8c12fc67315528a8a5f43867e5da3f705195311dbe54af7249d5ab34",20260714,"2026-09-08"
"segpo_kvalita_presna_ci_lo",0.9559,"analyzy/notebooks/40_kvalita.qmd","d3551ffa8c12fc67315528a8a5f43867e5da3f705195311dbe54af7249d5ab34",20260714,"2026-09-08"
"segpo_kvalita_presna_ci_hi",0.9868,"analyzy/notebooks/40_kvalita.qmd","d3551ffa8c12fc67315528a8a5f43867e5da3f705195311dbe54af7249d5ab34",20260714,"2026-09-08"
"segpo_kvalita_kappa",0.7397,"analyzy/notebooks/40_kvalita.qmd","d3551ffa8c12fc67315528a8a5f43867e5da3f705195311dbe54af7249d5ab34",20260714,"2026-09-08"
"segpo_kvalita_kappa_ci_lo",0.5908,"analyzy/notebooks/40_kvalita.qmd","d3551ffa8c12fc67315528a8a5f43867e5da3f705195311dbe54af7249d5ab34",20260714,"2026-09-08"
"segpo_kvalita_kappa_ci_hi",0.8681,"analyzy/notebooks/40_kvalita.qmd","d3551ffa8c12fc67315528a8a5f43867e5da3f705195311dbe54af7249d5ab34",20260714,"2026-09-08"
"segpo_kvalita_alpha",0.7398,"analyzy/notebooks/40_kvalita.qmd","d3551ffa8c12fc67315528a8a5f43867e5da3f705195311dbe54af7249d5ab34",20260714,"2026-09-08"
"segpo_kvalita_alpha_ci_lo",0.5904,"analyzy/notebooks/40_kvalita.qmd","d3551ffa8c12fc67315528a8a5f43867e5da3f705195311dbe54af7249d5ab34",20260714,"2026-09-08"
"segpo_kvalita_alpha_ci_hi",0.8682,"analyzy/notebooks/40_kvalita.qmd","d3551ffa8c12fc67315528a8a5f43867e5da3f705195311dbe54af7249d5ab34",20260714,"2026-09-08"
"segpo_kvalita_ac1",0.9678,"analyzy/notebooks/40_kvalita.qmd","d3551ffa8c12fc67315528a8a5f43867e5da3f705195311dbe54af7249d5ab34",20260714,"2026-09-08"
"segpo_kvalita_ac1_ci_lo",0.9493,"analyzy/notebooks/40_kvalita.qmd","d3551ffa8c12fc67315528a8a5f43867e5da3f705195311dbe54af7249d5ab34",20260714,"2026-09-08"
"segpo_kvalita_ac1_ci_hi",0.9853,"analyzy/notebooks/40_kvalita.qmd","d3551ffa8c12fc67315528a8a5f43867e5da3f705195311dbe54af7249d5ab34",20260714,"2026-09-08"
"segpo_dopad_n",430,"analyzy/notebooks/40_kvalita.qmd","d3551ffa8c12fc67315528a8a5f43867e5da3f705195311dbe54af7249d5ab34",20260714,"2026-09-08"
"segpo_dopad_presna",0.7977,"analyzy/notebooks/40_kvalita.qmd","d3551ffa8c12fc67315528a8a5f43867e5da3f705195311dbe54af7249d5ab34",20260714,"2026-09-08"
"segpo_dopad_presna_ci_lo",0.7581,"analyzy/notebooks/40_kvalita.qmd","d3551ffa8c12fc67315528a8a5f43867e5da3f705195311dbe54af7249d5ab34",20260714,"2026-09-08"
"segpo_dopad_presna_ci_hi",0.8326,"analyzy/notebooks/40_kvalita.qmd","d3551ffa8c12fc67315528a8a5f43867e5da3f705195311dbe54af7249d5ab34",20260714,"2026-09-08"
"segpo_dopad_kappa",0.6728,"analyzy/notebooks/40_kvalita.qmd","d3551ffa8c12fc67315528a8a5f43867e5da3f705195311dbe54af7249d5ab34",20260714,"2026-09-08"
"segpo_dopad_kappa_ci_lo",0.6056,"analyzy/notebooks/40_kvalita.qmd","d3551ffa8c12fc67315528a8a5f43867e5da3f705195311dbe54af7249d5ab34",20260714,"2026-09-08"
"segpo_dopad_kappa_ci_hi",0.7308,"analyzy/notebooks/40_kvalita.qmd","d3551ffa8c12fc67315528a8a5f43867e5da3f705195311dbe54af7249d5ab34",20260714,"2026-09-08"
"segpo_dopad_alpha",0.673,"analyzy/notebooks/40_kvalita.qmd","d3551ffa8c12fc67315528a8a5f43867e5da3f705195311dbe54af7249d5ab34",20260714,"2026-09-08"
"segpo_dopad_alpha_ci_lo",0.6058,"analyzy/notebooks/40_kvalita.qmd","d3551ffa8c12fc67315528a8a5f43867e5da3f705195311dbe54af7249d5ab34",20260714,"2026-09-08"
"segpo_dopad_alpha_ci_hi",0.731,"analyzy/notebooks/40_kvalita.qmd","d3551ffa8c12fc67315528a8a5f43867e5da3f705195311dbe54af7249d5ab34",20260714,"2026-09-08"
"segpo_dopad_ac1",0.7072,"analyzy/notebooks/40_kvalita.qmd","d3551ffa8c12fc67315528a8a5f43867e5da3f705195311dbe54af7249d5ab34",20260714,"2026-09-08"
"segpo_dopad_ac1_ci_lo",0.6491,"analyzy/notebooks/40_kvalita.qmd","d3551ffa8c12fc67315528a8a5f43867e5da3f705195311dbe54af7249d5ab34",20260714,"2026-09-08"
"segpo_dopad_ac1_ci_hi",0.7584,"analyzy/notebooks/40_kvalita.qmd","d3551ffa8c12fc67315528a8a5f43867e5da3f705195311dbe54af7249d5ab34",20260714,"2026-09-08"
"segpo_vhodnost_n",430,"analyzy/notebooks/40_kvalita.qmd","d3551ffa8c12fc67315528a8a5f43867e5da3f705195311dbe54af7249d5ab34",20260714,"2026-09-08"
"segpo_vhodnost_presna",0.5977,"analyzy/notebooks/40_kvalita.qmd","d3551ffa8c12fc67315528a8a5f43867e5da3f705195311dbe54af7249d5ab34",20260714,"2026-09-08"
"segpo_vhodnost_presna_ci_lo",0.5512,"analyzy/notebooks/40_kvalita.qmd","d3551ffa8c12fc67315528a8a5f43867e5da3f705195311dbe54af7249d5ab34",20260714,"2026-09-08"
"segpo_vhodnost_presna_ci_hi",0.6419,"analyzy/notebooks/40_kvalita.qmd","d3551ffa8c12fc67315528a8a5f43867e5da3f705195311dbe54af7249d5ab34",20260714,"2026-09-08"
"segpo_vhodnost_pm1",0.9721,"analyzy/notebooks/40_kvalita.qmd","d3551ffa8c12fc67315528a8a5f43867e5da3f705195311dbe54af7249d5ab34",20260714,"2026-09-08"
"segpo_vhodnost_wkappa",0.5227,"analyzy/notebooks/40_kvalita.qmd","d3551ffa8c12fc67315528a8a5f43867e5da3f705195311dbe54af7249d5ab34",20260714,"2026-09-08"
"segpo_vhodnost_wkappa_ci_lo",0.4425,"analyzy/notebooks/40_kvalita.qmd","d3551ffa8c12fc67315528a8a5f43867e5da3f705195311dbe54af7249d5ab34",20260714,"2026-09-08"
"segpo_vhodnost_wkappa_ci_hi",0.5921,"analyzy/notebooks/40_kvalita.qmd","d3551ffa8c12fc67315528a8a5f43867e5da3f705195311dbe54af7249d5ab34",20260714,"2026-09-08"
"segpo_vhodnost_alpha_ord",0.4986,"analyzy/notebooks/40_kvalita.qmd","d3551ffa8c12fc67315528a8a5f43867e5da3f705195311dbe54af7249d5ab34",20260714,"2026-09-08"
"segpo_vhodnost_alpha_ord_ci_lo",0.4179,"analyzy/notebooks/40_kvalita.qmd","d3551ffa8c12fc67315528a8a5f43867e5da3f705195311dbe54af7249d5ab34",20260714,"2026-09-08"
"segpo_vhodnost_alpha_ord_ci_hi",0.5681,"analyzy/notebooks/40_kvalita.qmd","d3551ffa8c12fc67315528a8a5f43867e5da3f705195311dbe54af7249d5ab34",20260714,"2026-09-08"
"segpo_vhodnost_ac1",0.4972,"analyzy/notebooks/40_kvalita.qmd","d3551ffa8c12fc67315528a8a5f43867e5da3f705195311dbe54af7249d5ab34",20260714,"2026-09-08"
"segpo_vhodnost_ac2",0.8692,"analyzy/notebooks/40_kvalita.qmd","d3551ffa8c12fc67315528a8a5f43867e5da3f705195311dbe54af7249d5ab34",20260714,"2026-09-08"
"segpo_vhodnost_ac1_ci_lo",0.4384,"analyzy/notebooks/40_kvalita.qmd","d3551ffa8c12fc67315528a8a5f43867e5da3f705195311dbe54af7249d5ab34",20260714,"2026-09-08"
"segpo_vhodnost_ac1_ci_hi",0.5523,"analyzy/notebooks/40_kvalita.qmd","d3551ffa8c12fc67315528a8a5f43867e5da3f705195311dbe54af7249d5ab34",20260714,"2026-09-08"
"segpo_vhodnost_A2_vyssi",72,"analyzy/notebooks/40_kvalita.qmd","d3551ffa8c12fc67315528a8a5f43867e5da3f705195311dbe54af7249d5ab34",20260714,"2026-09-08"
"segpo_vhodnost_A12_vyssi",101,"analyzy/notebooks/40_kvalita.qmd","d3551ffa8c12fc67315528a8a5f43867e5da3f705195311dbe54af7249d5ab34",20260714,"2026-09-08"
"segpo_vhodnost_prumer_A12",3.393,"analyzy/notebooks/40_kvalita.qmd","d3551ffa8c12fc67315528a8a5f43867e5da3f705195311dbe54af7249d5ab34",20260714,"2026-09-08"
"segpo_vhodnost_prumer_A2",3.3186,"analyzy/notebooks/40_kvalita.qmd","d3551ffa8c12fc67315528a8a5f43867e5da3f705195311dbe54af7249d5ab34",20260714,"2026-09-08"
"segpo_vhodnost_rozdil_prumer",-0.0744,"analyzy/notebooks/40_kvalita.qmd","d3551ffa8c12fc67315528a8a5f43867e5da3f705195311dbe54af7249d5ab34",20260714,"2026-09-08"
"segpo_vhodnost_rozdil_ci_lo",-0.1349,"analyzy/notebooks/40_kvalita.qmd","d3551ffa8c12fc67315528a8a5f43867e5da3f705195311dbe54af7249d5ab34",20260714,"2026-09-08"
"segpo_vhodnost_rozdil_ci_hi",0.0024,"analyzy/notebooks/40_kvalita.qmd","d3551ffa8c12fc67315528a8a5f43867e5da3f705195311dbe54af7249d5ab34",20260714,"2026-09-08"
"adj_vybrano_vhodnost",40,"analyzy/notebooks/40_kvalita.qmd","d3551ffa8c12fc67315528a8a5f43867e5da3f705195311dbe54af7249d5ab34",20260714,"2026-09-08"
"adj_dohodnuto_vhodnost",3,"analyzy/notebooks/40_kvalita.qmd","d3551ffa8c12fc67315528a8a5f43867e5da3f705195311dbe54af7249d5ab34",20260714,"2026-09-08"
"adj_zmena_A12",28,"analyzy/notebooks/40_kvalita.qmd","d3551ffa8c12fc67315528a8a5f43867e5da3f705195311dbe54af7249d5ab34",20260714,"2026-09-08"
"adj_zmena_A2",2,"analyzy/notebooks/40_kvalita.qmd","d3551ffa8c12fc67315528a8a5f43867e5da3f705195311dbe54af7249d5ab34",20260714,"2026-09-08"
"adj_beze_zmeny",11,"analyzy/notebooks/40_kvalita.qmd","d3551ffa8c12fc67315528a8a5f43867e5da3f705195311dbe54af7249d5ab34",20260714,"2026-09-08"
"adj_dnes_shodne",23,"analyzy/notebooks/40_kvalita.qmd","d3551ffa8c12fc67315528a8a5f43867e5da3f705195311dbe54af7249d5ab34",20260714,"2026-09-08"
"k1k3_n_par",926,"analyzy/notebooks/40_kvalita.qmd","d3551ffa8c12fc67315528a8a5f43867e5da3f705195311dbe54af7249d5ab34",20260714,"2026-09-08"
"k1k3_kvalita_flat_k1",4,"analyzy/notebooks/40_kvalita.qmd","d3551ffa8c12fc67315528a8a5f43867e5da3f705195311dbe54af7249d5ab34",20260714,"2026-09-08"
"k1k3_dopad_n",891,"analyzy/notebooks/40_kvalita.qmd","d3551ffa8c12fc67315528a8a5f43867e5da3f705195311dbe54af7249d5ab34",20260714,"2026-09-08"
"k1k3_dopad_presna",0.7228,"analyzy/notebooks/40_kvalita.qmd","d3551ffa8c12fc67315528a8a5f43867e5da3f705195311dbe54af7249d5ab34",20260714,"2026-09-08"
"k1k3_dopad_kappa",0.5824,"analyzy/notebooks/40_kvalita.qmd","d3551ffa8c12fc67315528a8a5f43867e5da3f705195311dbe54af7249d5ab34",20260714,"2026-09-08"
"k1k3_dopad_ac1",0.5959,"analyzy/notebooks/40_kvalita.qmd","d3551ffa8c12fc67315528a8a5f43867e5da3f705195311dbe54af7249d5ab34",20260714,"2026-09-08"
"k1k3_dopad_presna_ci_lo",0.6936,"analyzy/notebooks/40_kvalita.qmd","d3551ffa8c12fc67315528a8a5f43867e5da3f705195311dbe54af7249d5ab34",20260714,"2026-09-08"
"k1k3_dopad_presna_ci_hi",0.7531,"analyzy/notebooks/40_kvalita.qmd","d3551ffa8c12fc67315528a8a5f43867e5da3f705195311dbe54af7249d5ab34",20260714,"2026-09-08"
"k1k3_dopad_kappa_ci_lo",0.5347,"analyzy/notebooks/40_kvalita.qmd","d3551ffa8c12fc67315528a8a5f43867e5da3f705195311dbe54af7249d5ab34",20260714,"2026-09-08"
"k1k3_dopad_kappa_ci_hi",0.6247,"analyzy/notebooks/40_kvalita.qmd","d3551ffa8c12fc67315528a8a5f43867e5da3f705195311dbe54af7249d5ab34",20260714,"2026-09-08"
"k1k3_reseni_n",917,"analyzy/notebooks/40_kvalita.qmd","d3551ffa8c12fc67315528a8a5f43867e5da3f705195311dbe54af7249d5ab34",20260714,"2026-09-08"
"reseni_rozhovor_n",463,"analyzy/notebooks/40_kvalita.qmd","d3551ffa8c12fc67315528a8a5f43867e5da3f705195311dbe54af7249d5ab34",20260714,"2026-09-08"
"reseni_rozhovor_du_podil",0.4213,"analyzy/notebooks/40_kvalita.qmd","d3551ffa8c12fc67315528a8a5f43867e5da3f705195311dbe54af7249d5ab34",20260714,"2026-09-08"
"reseni_rozhovor_du_ci_lo",0.3764,"analyzy/notebooks/40_kvalita.qmd","d3551ffa8c12fc67315528a8a5f43867e5da3f705195311dbe54af7249d5ab34",20260714,"2026-09-08"
"reseni_rozhovor_du_ci_hi",0.4636,"analyzy/notebooks/40_kvalita.qmd","d3551ffa8c12fc67315528a8a5f43867e5da3f705195311dbe54af7249d5ab34",20260714,"2026-09-08"
"reseni_rozhovor_vhodnost_prumer",3.2539,"analyzy/notebooks/40_kvalita.qmd","d3551ffa8c12fc67315528a8a5f43867e5da3f705195311dbe54af7249d5ab34",20260714,"2026-09-08"
"reseni_rozhovor_vh_ci_lo",3.1704,"analyzy/notebooks/40_kvalita.qmd","d3551ffa8c12fc67315528a8a5f43867e5da3f705195311dbe54af7249d5ab34",20260714,"2026-09-08"
"reseni_rozhovor_vh_ci_hi",3.3348,"analyzy/notebooks/40_kvalita.qmd","d3551ffa8c12fc67315528a8a5f43867e5da3f705195311dbe54af7249d5ab34",20260714,"2026-09-08"
"reseni_rozhovor_du_podil_k1",0.4924,"analyzy/notebooks/40_kvalita.qmd","d3551ffa8c12fc67315528a8a5f43867e5da3f705195311dbe54af7249d5ab34",20260714,"2026-09-08"
"reseni_rozhovor_n_k1",463,"analyzy/notebooks/40_kvalita.qmd","d3551ffa8c12fc67315528a8a5f43867e5da3f705195311dbe54af7249d5ab34",20260714,"2026-09-08"
"reseni_upozorneni_n",97,"analyzy/notebooks/40_kvalita.qmd","d3551ffa8c12fc67315528a8a5f43867e5da3f705195311dbe54af7249d5ab34",20260714,"2026-09-08"
"reseni_upozorneni_du_podil",0.2935,"analyzy/notebooks/40_kvalita.qmd","d3551ffa8c12fc67315528a8a5f43867e5da3f705195311dbe54af7249d5ab34",20260714,"2026-09-08"
"reseni_upozorneni_du_ci_lo",0.1999,"analyzy/notebooks/40_kvalita.qmd","d3551ffa8c12fc67315528a8a5f43867e5da3f705195311dbe54af7249d5ab34",20260714,"2026-09-08"
"reseni_upozorneni_du_ci_hi",0.3871,"analyzy/notebooks/40_kvalita.qmd","d3551ffa8c12fc67315528a8a5f43867e5da3f705195311dbe54af7249d5ab34",20260714,"2026-09-08"
"reseni_upozorneni_vhodnost_prumer",2.75,"analyzy/notebooks/40_kvalita.qmd","d3551ffa8c12fc67315528a8a5f43867e5da3f705195311dbe54af7249d5ab34",20260714,"2026-09-08"
"reseni_upozorneni_vh_ci_lo",2.5666,"analyzy/notebooks/40_kvalita.qmd","d3551ffa8c12fc67315528a8a5f43867e5da3f705195311dbe54af7249d5ab34",20260714,"2026-09-08"
"reseni_upozorneni_vh_ci_hi",2.9362,"analyzy/notebooks/40_kvalita.qmd","d3551ffa8c12fc67315528a8a5f43867e5da3f705195311dbe54af7249d5ab34",20260714,"2026-09-08"
"reseni_upozorneni_du_podil_k1",0.3711,"analyzy/notebooks/40_kvalita.qmd","d3551ffa8c12fc67315528a8a5f43867e5da3f705195311dbe54af7249d5ab34",20260714,"2026-09-08"
"reseni_upozorneni_n_k1",97,"analyzy/notebooks/40_kvalita.qmd","d3551ffa8c12fc67315528a8a5f43867e5da3f705195311dbe54af7249d5ab34",20260714,"2026-09-08"
"reseni_spoluprace_s_odborniky_n",93,"analyzy/notebooks/40_kvalita.qmd","d3551ffa8c12fc67315528a8a5f43867e5da3f705195311dbe54af7249d5ab34",20260714,"2026-09-08"
"reseni_spoluprace_s_odborniky_du_podil",0.382,"analyzy/notebooks/40_kvalita.qmd","d3551ffa8c12fc67315528a8a5f43867e5da3f705195311dbe54af7249d5ab34",20260714,"2026-09-08"
"reseni_spoluprace_s_odborniky_du_ci_lo",0.2778,"analyzy/notebooks/40_kvalita.qmd","d3551ffa8c12fc67315528a8a5f43867e5da3f705195311dbe54af7249d5ab34",20260714,"2026-09-08"
"reseni_spoluprace_s_odborniky_du_ci_hi",0.4835,"analyzy/notebooks/40_kvalita.qmd","d3551ffa8c12fc67315528a8a5f43867e5da3f705195311dbe54af7249d5ab34",20260714,"2026-09-08"
"reseni_spoluprace_s_odborniky_vhodnost_prumer",3.3146,"analyzy/notebooks/40_kvalita.qmd","d3551ffa8c12fc67315528a8a5f43867e5da3f705195311dbe54af7249d5ab34",20260714,"2026-09-08"
"reseni_spoluprace_s_odborniky_vh_ci_lo",3.1348,"analyzy/notebooks/40_kvalita.qmd","d3551ffa8c12fc67315528a8a5f43867e5da3f705195311dbe54af7249d5ab34",20260714,"2026-09-08"
"reseni_spoluprace_s_odborniky_vh_ci_hi",3.4832,"analyzy/notebooks/40_kvalita.qmd","d3551ffa8c12fc67315528a8a5f43867e5da3f705195311dbe54af7249d5ab34",20260714,"2026-09-08"
"reseni_spoluprace_s_odborniky_du_podil_k1",0.4624,"analyzy/notebooks/40_kvalita.qmd","d3551ffa8c12fc67315528a8a5f43867e5da3f705195311dbe54af7249d5ab34",20260714,"2026-09-08"
"reseni_spoluprace_s_odborniky_n_k1",93,"analyzy/notebooks/40_kvalita.qmd","d3551ffa8c12fc67315528a8a5f43867e5da3f705195311dbe54af7249d5ab34",20260714,"2026-09-08"
"reseni_podpora_n",66,"analyzy/notebooks/40_kvalita.qmd","d3551ffa8c12fc67315528a8a5f43867e5da3f705195311dbe54af7249d5ab34",20260714,"2026-09-08"
"reseni_podpora_du_podil",0.3492,"analyzy/notebooks/40_kvalita.qmd","d3551ffa8c12fc67315528a8a5f43867e5da3f705195311dbe54af7249d5ab34",20260714,"2026-09-08"
"reseni_podpora_du_ci_lo",0.2419,"analyzy/notebooks/40_kvalita.qmd","d3551ffa8c12fc67315528a8a5f43867e5da3f705195311dbe54af7249d5ab34",20260714,"2026-09-08"
"reseni_podpora_du_ci_hi",0.4617,"analyzy/notebooks/40_kvalita.qmd","d3551ffa8c12fc67315528a8a5f43867e5da3f705195311dbe54af7249d5ab34",20260714,"2026-09-08"
"reseni_podpora_vhodnost_prumer",3.4286,"analyzy/notebooks/40_kvalita.qmd","d3551ffa8c12fc67315528a8a5f43867e5da3f705195311dbe54af7249d5ab34",20260714,"2026-09-08"
"reseni_podpora_vh_ci_lo",3.2063,"analyzy/notebooks/40_kvalita.qmd","d3551ffa8c12fc67315528a8a5f43867e5da3f705195311dbe54af7249d5ab34",20260714,"2026-09-08"
"reseni_podpora_vh_ci_hi",3.6129,"analyzy/notebooks/40_kvalita.qmd","d3551ffa8c12fc67315528a8a5f43867e5da3f705195311dbe54af7249d5ab34",20260714,"2026-09-08"
"reseni_podpora_du_podil_k1",0.4091,"analyzy/notebooks/40_kvalita.qmd","d3551ffa8c12fc67315528a8a5f43867e5da3f705195311dbe54af7249d5ab34",20260714,"2026-09-08"
"reseni_podpora_n_k1",66,"analyzy/notebooks/40_kvalita.qmd","d3551ffa8c12fc67315528a8a5f43867e5da3f705195311dbe54af7249d5ab34",20260714,"2026-09-08"
"reseni_nerespektujici_komunikace_n",45,"analyzy/notebooks/40_kvalita.qmd","d3551ffa8c12fc67315528a8a5f43867e5da3f705195311dbe54af7249d5ab34",20260714,"2026-09-08"
"reseni_nerespektujici_komunikace_du_podil",0.2195,"analyzy/notebooks/40_kvalita.qmd","d3551ffa8c12fc67315528a8a5f43867e5da3f705195311dbe54af7249d5ab34",20260714,"2026-09-08"
"reseni_nerespektujici_komunikace_du_ci_lo",0.0976,"analyzy/notebooks/40_kvalita.qmd","d3551ffa8c12fc67315528a8a5f43867e5da3f705195311dbe54af7249d5ab34",20260714,"2026-09-08"
"reseni_nerespektujici_komunikace_du_ci_hi",0.3556,"analyzy/notebooks/40_kvalita.qmd","d3551ffa8c12fc67315528a8a5f43867e5da3f705195311dbe54af7249d5ab34",20260714,"2026-09-08"
"reseni_nerespektujici_komunikace_vhodnost_prumer",2.0976,"analyzy/notebooks/40_kvalita.qmd","d3551ffa8c12fc67315528a8a5f43867e5da3f705195311dbe54af7249d5ab34",20260714,"2026-09-08"
"reseni_nerespektujici_komunikace_vh_ci_lo",1.8049,"analyzy/notebooks/40_kvalita.qmd","d3551ffa8c12fc67315528a8a5f43867e5da3f705195311dbe54af7249d5ab34",20260714,"2026-09-08"
"reseni_nerespektujici_komunikace_vh_ci_hi",2.4189,"analyzy/notebooks/40_kvalita.qmd","d3551ffa8c12fc67315528a8a5f43867e5da3f705195311dbe54af7249d5ab34",20260714,"2026-09-08"
"reseni_nerespektujici_komunikace_du_podil_k1",0.1556,"analyzy/notebooks/40_kvalita.qmd","d3551ffa8c12fc67315528a8a5f43867e5da3f705195311dbe54af7249d5ab34",20260714,"2026-09-08"
"reseni_nerespektujici_komunikace_n_k1",45,"analyzy/notebooks/40_kvalita.qmd","d3551ffa8c12fc67315528a8a5f43867e5da3f705195311dbe54af7249d5ab34",20260714,"2026-09-08"
"reseni_prace_s_kolektivem_n",38,"analyzy/notebooks/40_kvalita.qmd","d3551ffa8c12fc67315528a8a5f43867e5da3f705195311dbe54af7249d5ab34",20260714,"2026-09-08"
"reseni_prace_s_kolektivem_du_podil",0.5135,"analyzy/notebooks/40_kvalita.qmd","d3551ffa8c12fc67315528a8a5f43867e5da3f705195311dbe54af7249d5ab34",20260714,"2026-09-08"
"reseni_prace_s_kolektivem_du_ci_lo",0.3684,"analyzy/notebooks/40_kvalita.qmd","d3551ffa8c12fc67315528a8a5f43867e5da3f705195311dbe54af7249d5ab34",20260714,"2026-09-08"
"reseni_prace_s_kolektivem_du_ci_hi",0.6757,"analyzy/notebooks/40_kvalita.qmd","d3551ffa8c12fc67315528a8a5f43867e5da3f705195311dbe54af7249d5ab34",20260714,"2026-09-08"
"reseni_prace_s_kolektivem_vhodnost_prumer",3.3784,"analyzy/notebooks/40_kvalita.qmd","d3551ffa8c12fc67315528a8a5f43867e5da3f705195311dbe54af7249d5ab34",20260714,"2026-09-08"
"reseni_prace_s_kolektivem_vh_ci_lo",3.1389,"analyzy/notebooks/40_kvalita.qmd","d3551ffa8c12fc67315528a8a5f43867e5da3f705195311dbe54af7249d5ab34",20260714,"2026-09-08"
"reseni_prace_s_kolektivem_vh_ci_hi",3.6062,"analyzy/notebooks/40_kvalita.qmd","d3551ffa8c12fc67315528a8a5f43867e5da3f705195311dbe54af7249d5ab34",20260714,"2026-09-08"
"reseni_prace_s_kolektivem_du_podil_k1",0.6842,"analyzy/notebooks/40_kvalita.qmd","d3551ffa8c12fc67315528a8a5f43867e5da3f705195311dbe54af7249d5ab34",20260714,"2026-09-08"
"reseni_prace_s_kolektivem_n_k1",38,"analyzy/notebooks/40_kvalita.qmd","d3551ffa8c12fc67315528a8a5f43867e5da3f705195311dbe54af7249d5ab34",20260714,"2026-09-08"
"reseni_premisteni_zaka_n",35,"analyzy/notebooks/40_kvalita.qmd","d3551ffa8c12fc67315528a8a5f43867e5da3f705195311dbe54af7249d5ab34",20260714,"2026-09-08"
"reseni_premisteni_zaka_du_podil",0.4857,"analyzy/notebooks/40_kvalita.qmd","d3551ffa8c12fc67315528a8a5f43867e5da3f705195311dbe54af7249d5ab34",20260714,"2026-09-08"
"reseni_premisteni_zaka_du_ci_lo",0.3143,"analyzy/notebooks/40_kvalita.qmd","d3551ffa8c12fc67315528a8a5f43867e5da3f705195311dbe54af7249d5ab34",20260714,"2026-09-08"
"reseni_premisteni_zaka_du_ci_hi",0.6571,"analyzy/notebooks/40_kvalita.qmd","d3551ffa8c12fc67315528a8a5f43867e5da3f705195311dbe54af7249d5ab34",20260714,"2026-09-08"
"reseni_premisteni_zaka_vhodnost_prumer",3.2,"analyzy/notebooks/40_kvalita.qmd","d3551ffa8c12fc67315528a8a5f43867e5da3f705195311dbe54af7249d5ab34",20260714,"2026-09-08"
"reseni_premisteni_zaka_vh_ci_lo",2.8857,"analyzy/notebooks/40_kvalita.qmd","d3551ffa8c12fc67315528a8a5f43867e5da3f705195311dbe54af7249d5ab34",20260714,"2026-09-08"
"reseni_premisteni_zaka_vh_ci_hi",3.4857,"analyzy/notebooks/40_kvalita.qmd","d3551ffa8c12fc67315528a8a5f43867e5da3f705195311dbe54af7249d5ab34",20260714,"2026-09-08"
"reseni_premisteni_zaka_du_podil_k1",0.5429,"analyzy/notebooks/40_kvalita.qmd","d3551ffa8c12fc67315528a8a5f43867e5da3f705195311dbe54af7249d5ab34",20260714,"2026-09-08"
"reseni_premisteni_zaka_n_k1",35,"analyzy/notebooks/40_kvalita.qmd","d3551ffa8c12fc67315528a8a5f43867e5da3f705195311dbe54af7249d5ab34",20260714,"2026-09-08"
"reseni_dusledky_n",28,"analyzy/notebooks/40_kvalita.qmd","d3551ffa8c12fc67315528a8a5f43867e5da3f705195311dbe54af7249d5ab34",20260714,"2026-09-08"
"reseni_dusledky_du_podil",0.2963,"analyzy/notebooks/40_kvalita.qmd","d3551ffa8c12fc67315528a8a5f43867e5da3f705195311dbe54af7249d5ab34",20260714,"2026-09-08"
"reseni_dusledky_du_ci_lo",0.1429,"analyzy/notebooks/40_kvalita.qmd","d3551ffa8c12fc67315528a8a5f43867e5da3f705195311dbe54af7249d5ab34",20260714,"2026-09-08"
"reseni_dusledky_du_ci_hi",0.4643,"analyzy/notebooks/40_kvalita.qmd","d3551ffa8c12fc67315528a8a5f43867e5da3f705195311dbe54af7249d5ab34",20260714,"2026-09-08"
"reseni_dusledky_vhodnost_prumer",2.7778,"analyzy/notebooks/40_kvalita.qmd","d3551ffa8c12fc67315528a8a5f43867e5da3f705195311dbe54af7249d5ab34",20260714,"2026-09-08"
"reseni_dusledky_vh_ci_lo",2.4074,"analyzy/notebooks/40_kvalita.qmd","d3551ffa8c12fc67315528a8a5f43867e5da3f705195311dbe54af7249d5ab34",20260714,"2026-09-08"
"reseni_dusledky_vh_ci_hi",3.1429,"analyzy/notebooks/40_kvalita.qmd","d3551ffa8c12fc67315528a8a5f43867e5da3f705195311dbe54af7249d5ab34",20260714,"2026-09-08"
"reseni_dusledky_du_podil_k1",0.3214,"analyzy/notebooks/40_kvalita.qmd","d3551ffa8c12fc67315528a8a5f43867e5da3f705195311dbe54af7249d5ab34",20260714,"2026-09-08"
"reseni_dusledky_n_k1",28,"analyzy/notebooks/40_kvalita.qmd","d3551ffa8c12fc67315528a8a5f43867e5da3f705195311dbe54af7249d5ab34",20260714,"2026-09-08"
"reseni_kazenske_tresty_n",20,"analyzy/notebooks/40_kvalita.qmd","d3551ffa8c12fc67315528a8a5f43867e5da3f705195311dbe54af7249d5ab34",20260714,"2026-09-08"
"reseni_kazenske_tresty_du_podil",0.35,"analyzy/notebooks/40_kvalita.qmd","d3551ffa8c12fc67315528a8a5f43867e5da3f705195311dbe54af7249d5ab34",20260714,"2026-09-08"
"reseni_kazenske_tresty_du_ci_lo",0.15,"analyzy/notebooks/40_kvalita.qmd","d3551ffa8c12fc67315528a8a5f43867e5da3f705195311dbe54af7249d5ab34",20260714,"2026-09-08"
"reseni_kazenske_tresty_du_ci_hi",0.55,"analyzy/notebooks/40_kvalita.qmd","d3551ffa8c12fc67315528a8a5f43867e5da3f705195311dbe54af7249d5ab34",20260714,"2026-09-08"
"reseni_kazenske_tresty_vhodnost_prumer",2.75,"analyzy/notebooks/40_kvalita.qmd","d3551ffa8c12fc67315528a8a5f43867e5da3f705195311dbe54af7249d5ab34",20260714,"2026-09-08"
"reseni_kazenske_tresty_vh_ci_lo",2.35,"analyzy/notebooks/40_kvalita.qmd","d3551ffa8c12fc67315528a8a5f43867e5da3f705195311dbe54af7249d5ab34",20260714,"2026-09-08"
"reseni_kazenske_tresty_vh_ci_hi",3.15,"analyzy/notebooks/40_kvalita.qmd","d3551ffa8c12fc67315528a8a5f43867e5da3f705195311dbe54af7249d5ab34",20260714,"2026-09-08"
"reseni_kazenske_tresty_du_podil_k1",0.4,"analyzy/notebooks/40_kvalita.qmd","d3551ffa8c12fc67315528a8a5f43867e5da3f705195311dbe54af7249d5ab34",20260714,"2026-09-08"
"reseni_kazenske_tresty_n_k1",20,"analyzy/notebooks/40_kvalita.qmd","d3551ffa8c12fc67315528a8a5f43867e5da3f705195311dbe54af7249d5ab34",20260714,"2026-09-08"
"reseni_dohoda_n",16,"analyzy/notebooks/40_kvalita.qmd","d3551ffa8c12fc67315528a8a5f43867e5da3f705195311dbe54af7249d5ab34",20260714,"2026-09-08"
"reseni_dohoda_du_podil",0.3125,"analyzy/notebooks/40_kvalita.qmd","d3551ffa8c12fc67315528a8a5f43867e5da3f705195311dbe54af7249d5ab34",20260714,"2026-09-08"
"reseni_dohoda_du_ci_lo",0.125,"analyzy/notebooks/40_kvalita.qmd","d3551ffa8c12fc67315528a8a5f43867e5da3f705195311dbe54af7249d5ab34",20260714,"2026-09-08"
"reseni_dohoda_du_ci_hi",0.5625,"analyzy/notebooks/40_kvalita.qmd","d3551ffa8c12fc67315528a8a5f43867e5da3f705195311dbe54af7249d5ab34",20260714,"2026-09-08"
"reseni_dohoda_vhodnost_prumer",3.375,"analyzy/notebooks/40_kvalita.qmd","d3551ffa8c12fc67315528a8a5f43867e5da3f705195311dbe54af7249d5ab34",20260714,"2026-09-08"
"reseni_dohoda_vh_ci_lo",3.0625,"analyzy/notebooks/40_kvalita.qmd","d3551ffa8c12fc67315528a8a5f43867e5da3f705195311dbe54af7249d5ab34",20260714,"2026-09-08"
"reseni_dohoda_vh_ci_hi",3.6875,"analyzy/notebooks/40_kvalita.qmd","d3551ffa8c12fc67315528a8a5f43867e5da3f705195311dbe54af7249d5ab34",20260714,"2026-09-08"
"reseni_dohoda_du_podil_k1",0.5625,"analyzy/notebooks/40_kvalita.qmd","d3551ffa8c12fc67315528a8a5f43867e5da3f705195311dbe54af7249d5ab34",20260714,"2026-09-08"
"reseni_dohoda_n_k1",16,"analyzy/notebooks/40_kvalita.qmd","d3551ffa8c12fc67315528a8a5f43867e5da3f705195311dbe54af7249d5ab34",20260714,"2026-09-08"
"reseni_fyzicke_zakroceni_n",15,"analyzy/notebooks/40_kvalita.qmd","d3551ffa8c12fc67315528a8a5f43867e5da3f705195311dbe54af7249d5ab34",20260714,"2026-09-08"
"reseni_fyzicke_zakroceni_du_podil",0.4,"analyzy/notebooks/40_kvalita.qmd","d3551ffa8c12fc67315528a8a5f43867e5da3f705195311dbe54af7249d5ab34",20260714,"2026-09-08"
"reseni_fyzicke_zakroceni_du_ci_lo",0.1108,"analyzy/notebooks/40_kvalita.qmd","d3551ffa8c12fc67315528a8a5f43867e5da3f705195311dbe54af7249d5ab34",20260714,"2026-09-08"
"reseni_fyzicke_zakroceni_du_ci_hi",0.7,"analyzy/notebooks/40_kvalita.qmd","d3551ffa8c12fc67315528a8a5f43867e5da3f705195311dbe54af7249d5ab34",20260714,"2026-09-08"
"reseni_fyzicke_zakroceni_vhodnost_prumer",3.4,"analyzy/notebooks/40_kvalita.qmd","d3551ffa8c12fc67315528a8a5f43867e5da3f705195311dbe54af7249d5ab34",20260714,"2026-09-08"
"reseni_fyzicke_zakroceni_vh_ci_lo",2.7273,"analyzy/notebooks/40_kvalita.qmd","d3551ffa8c12fc67315528a8a5f43867e5da3f705195311dbe54af7249d5ab34",20260714,"2026-09-08"
"reseni_fyzicke_zakroceni_vh_ci_hi",4,"analyzy/notebooks/40_kvalita.qmd","d3551ffa8c12fc67315528a8a5f43867e5da3f705195311dbe54af7249d5ab34",20260714,"2026-09-08"
"reseni_fyzicke_zakroceni_du_podil_k1",0.2667,"analyzy/notebooks/40_kvalita.qmd","d3551ffa8c12fc67315528a8a5f43867e5da3f705195311dbe54af7249d5ab34",20260714,"2026-09-08"
"reseni_fyzicke_zakroceni_n_k1",15,"analyzy/notebooks/40_kvalita.qmd","d3551ffa8c12fc67315528a8a5f43867e5da3f705195311dbe54af7249d5ab34",20260714,"2026-09-08"
"reseni_proaktivni_reseni_n",1,"analyzy/notebooks/40_kvalita.qmd","d3551ffa8c12fc67315528a8a5f43867e5da3f705195311dbe54af7249d5ab34",20260714,"2026-09-08"
"reseni_proaktivni_reseni_du_podil",1,"analyzy/notebooks/40_kvalita.qmd","d3551ffa8c12fc67315528a8a5f43867e5da3f705195311dbe54af7249d5ab34",20260714,"2026-09-08"
"reseni_proaktivni_reseni_du_ci_lo",1,"analyzy/notebooks/40_kvalita.qmd","d3551ffa8c12fc67315528a8a5f43867e5da3f705195311dbe54af7249d5ab34",20260714,"2026-09-08"
"reseni_proaktivni_reseni_du_ci_hi",1,"analyzy/notebooks/40_kvalita.qmd","d3551ffa8c12fc67315528a8a5f43867e5da3f705195311dbe54af7249d5ab34",20260714,"2026-09-08"
"reseni_proaktivni_reseni_vhodnost_prumer",4,"analyzy/notebooks/40_kvalita.qmd","d3551ffa8c12fc67315528a8a5f43867e5da3f705195311dbe54af7249d5ab34",20260714,"2026-09-08"
"reseni_proaktivni_reseni_vh_ci_lo",4,"analyzy/notebooks/40_kvalita.qmd","d3551ffa8c12fc67315528a8a5f43867e5da3f705195311dbe54af7249d5ab34",20260714,"2026-09-08"
"reseni_proaktivni_reseni_vh_ci_hi",4,"analyzy/notebooks/40_kvalita.qmd","d3551ffa8c12fc67315528a8a5f43867e5da3f705195311dbe54af7249d5ab34",20260714,"2026-09-08"
"reseni_proaktivni_reseni_du_podil_k1",1,"analyzy/notebooks/40_kvalita.qmd","d3551ffa8c12fc67315528a8a5f43867e5da3f705195311dbe54af7249d5ab34",20260714,"2026-09-08"
"reseni_proaktivni_reseni_n_k1",1,"analyzy/notebooks/40_kvalita.qmd","d3551ffa8c12fc67315528a8a5f43867e5da3f705195311dbe54af7249d5ab34",20260714,"2026-09-08"
"k1k3_reseni_dopad_cramer_v",0.136,"analyzy/notebooks/40_kvalita.qmd","d3551ffa8c12fc67315528a8a5f43867e5da3f705195311dbe54af7249d5ab34",20260714,"2026-09-08"
